CREATE DATABASE  IF NOT EXISTS `intranetpenalty` /*!40100 DEFAULT CHARACTER SET utf8mb4 */;
USE `intranetpenalty`;
-- MariaDB dump 10.18  Distrib 10.4.16-MariaDB, for Win64 (AMD64)
--
-- Host: 127.0.0.1    Database: intranetpenalty
-- ------------------------------------------------------
-- Server version	10.4.16-MariaDB

/*!40101 SET @OLD_CHARACTER_SET_CLIENT=@@CHARACTER_SET_CLIENT */;
/*!40101 SET @OLD_CHARACTER_SET_RESULTS=@@CHARACTER_SET_RESULTS */;
/*!40101 SET @OLD_COLLATION_CONNECTION=@@COLLATION_CONNECTION */;
/*!40101 SET NAMES utf8 */;
/*!40103 SET @OLD_TIME_ZONE=@@TIME_ZONE */;
/*!40103 SET TIME_ZONE='+00:00' */;
/*!40014 SET @OLD_UNIQUE_CHECKS=@@UNIQUE_CHECKS, UNIQUE_CHECKS=0 */;
/*!40014 SET @OLD_FOREIGN_KEY_CHECKS=@@FOREIGN_KEY_CHECKS, FOREIGN_KEY_CHECKS=0 */;
/*!40101 SET @OLD_SQL_MODE=@@SQL_MODE, SQL_MODE='NO_AUTO_VALUE_ON_ZERO' */;
/*!40111 SET @OLD_SQL_NOTES=@@SQL_NOTES, SQL_NOTES=0 */;

--
-- Table structure for table `alertas`
--

DROP TABLE IF EXISTS `alertas`;
/*!40101 SET @saved_cs_client     = @@character_set_client */;
/*!40101 SET character_set_client = utf8 */;
CREATE TABLE `alertas` (
  `id` int(11) NOT NULL AUTO_INCREMENT,
  `alerta` varchar(40) DEFAULT NULL,
  `info` varchar(45) DEFAULT NULL,
  `f` varchar(45) DEFAULT NULL,
  `nombre` varchar(100) DEFAULT NULL,
  `path` varchar(50) DEFAULT NULL,
  `emisor` varchar(45) DEFAULT NULL,
  `receptor` varchar(45) DEFAULT NULL,
  `estado` varchar(45) DEFAULT NULL,
  `usuarioId` int(11) DEFAULT NULL,
  `createdAt` datetime DEFAULT NULL,
  `updatedAt` datetime DEFAULT NULL,
  `deletedAt` datetime DEFAULT NULL,
  PRIMARY KEY (`id`),
  KEY `uAlerta_idx` (`usuarioId`),
  CONSTRAINT `uAlerta` FOREIGN KEY (`usuarioId`) REFERENCES `usuarios` (`id`) ON DELETE NO ACTION ON UPDATE NO ACTION
) ENGINE=InnoDB AUTO_INCREMENT=483 DEFAULT CHARSET=utf8mb4;
/*!40101 SET character_set_client = @saved_cs_client */;

--
-- Dumping data for table `alertas`
--

LOCK TABLES `alertas` WRITE;
/*!40000 ALTER TABLE `alertas` DISABLE KEYS */;
INSERT INTO `alertas` VALUES (1,'asdad','asdasd','1/9/2021 6:30:40','ddddd',NULL,NULL,NULL,NULL,NULL,NULL,NULL,NULL),(2,'Se visiualizaran en la descripcion','Tenes un Rendicion de Kilometro','2/9/2021 12:30:32','Bryan Ramirez','/aprobacion/km','bryan.ramirez@penalty.com.ar','esteban@penalty.com.ar','inactiva',7,'2021-09-02 15:30:53','2021-09-16 20:59:34',NULL),(3,'pruebaa ','Tenes un anticipo de Sueldo','2/9/2021 12:31:42','Bryan Ramirez','/aprobacion/sueldo','bryan.ramirez@penalty.com.ar','esteban@penalty.com.ar','inactiva',7,'2021-09-02 15:32:03','2021-09-16 20:59:35',NULL),(4,'Se visiualizaran en la descripcion','Tenes un Rendicion de Kilometro','2/9/2021 12:44:29','Santiago Bossio','/aprobacion/km','santiago.bossio@penalty.com.ar','cristian.desousa@penalty.com.ar','activa',22,'2021-09-02 15:44:30','2021-09-02 15:44:30',NULL),(5,'Rendiciones finalizadas','Tenes una operacion de  Gasto ','2/9/2021 12:45:00','Santiago Bossio','/aprobacion/gastos','santiago.bossio@penalty.com.ar','cristian.desousa@penalty.com.ar','inactiva',22,'2021-09-02 15:45:01','2021-09-08 14:49:28',NULL),(6,'Se visiualizaran en la descripcion','Tenes un Rendicion de Kilometro','2/9/2021 13:18:43','Diego Salini','/aprobacion/km','diego.salini@penalty.com.ar','cristian.desousa@penalty.com.ar','inactiva',21,'2021-09-02 16:18:43','2021-09-08 14:49:30',NULL),(7,'Se visiualizaran en la descripcion','Tenes un Rendicion de Kilometro','2/9/2021 14:18:22','Alejandro  Perez ','/aprobacion/km','alejandro.perez@penalty.com.ar','cristian.desousa@penalty.com.ar','inactiva',20,'2021-09-02 17:18:22','2021-09-08 13:20:34',NULL),(8,'Solicito anticipo de gastos para realiza','Tenes un anticipo de Gasto','3/9/2021 14:21:31','Santiago Bossio','/aprobacion/gastos','santiago.bossio@penalty.com.ar','cristian.desousa@penalty.com.ar','inactiva',22,'2021-09-03 17:21:34','2021-09-08 13:20:02',NULL),(9,'Se visiualizaran en la descripcion','Tenes un Rendicion de Kilometro','6/9/2021 1:11:16','Cristian  Rios','/aprobacion/km','cristian.rios@penalty.com.ar','cristian.rios@penalty.com.ar','inactiva',6,'2021-09-06 04:11:16','2021-09-06 04:19:02',NULL),(10,'','Resolucion de  anticipo de km','6/9/2021 1:11:50',NULL,'/estado/usuario','cristian.rios@penalty.com.ar','cristian.rios@penalty.com.ar','inactiva',6,'2021-09-06 04:11:50','2021-09-06 04:19:03',NULL),(11,'Aprobado por gerencia','Tenes un anticipo de gasto','6/9/2021 1:11:50',NULL,'/vista/rendicion/Km','cristian.rios@penalty.com.ar','sandra.martinez@penalty.com.ar','inactiva',6,'2021-09-06 04:11:50','2021-09-10 17:54:26',NULL),(12,'Aprobado por gerencia','Tenes un anticipo de gasto','6/9/2021 1:11:50',NULL,'/vista/rendicion/Km','cristian.rios@penalty.com.ar','irberlys.mirabal@penalty.com.ar','inactiva',6,'2021-09-06 04:11:50','2021-09-06 13:48:09',NULL),(13,'Rendiciones finalizadas','Tenes una operacion de  Gasto ','6/9/2021 1:19:37','Cristian  Rios','/aprobacion/gastos','cristian.rios@penalty.com.ar','cristian.rios@penalty.com.ar','activa',6,'2021-09-06 04:19:37','2021-09-06 04:19:37',NULL),(14,'Rendiciones finalizadas','Tenes una operacion de  Gasto ','6/9/2021 1:19:43','Cristian  Rios','/aprobacion/gastos','cristian.rios@penalty.com.ar','cristian.rios@penalty.com.ar','activa',6,'2021-09-06 04:19:43','2021-09-06 04:19:43',NULL),(15,'','Resolucion de  anticipo de gasto','6/9/2021 1:20:08',NULL,'/estado/usuario','cristian.rios@penalty.com.ar','cristian.rios@penalty.com.ar','activa',6,'2021-09-06 04:20:08','2021-09-06 04:20:08',NULL),(16,'Aprobado por gerencia','Tenes un anticipo de gasto','6/9/2021 1:20:08',NULL,'/vista/rendicion/gasto','cristian.rios@penalty.com.ar','sandra.martinez@penalty.com.ar','inactiva',6,'2021-09-06 04:20:08','2021-09-10 17:54:28',NULL),(17,'Aprobado por gerencia','Tenes un anticipo de gasto','6/9/2021 1:20:08',NULL,'/vista/rendicion/gasto','cristian.rios@penalty.com.ar','irberlys.mirabal@penalty.com.ar','inactiva',6,'2021-09-06 04:20:08','2021-09-06 13:48:05',NULL),(18,'','Resolucion de  anticipo de gasto','6/9/2021 1:20:20',NULL,'/estado/usuario','cristian.rios@penalty.com.ar','cristian.rios@penalty.com.ar','activa',6,'2021-09-06 04:20:20','2021-09-06 04:20:20',NULL),(19,'Aprobado por gerencia','Tenes un anticipo de gasto','6/9/2021 1:20:20',NULL,'/vista/rendicion/gasto','cristian.rios@penalty.com.ar','sandra.martinez@penalty.com.ar','inactiva',6,'2021-09-06 04:20:20','2021-09-10 17:54:30',NULL),(20,'Aprobado por gerencia','Tenes un anticipo de gasto','6/9/2021 1:20:20',NULL,'/vista/rendicion/gasto','cristian.rios@penalty.com.ar','irberlys.mirabal@penalty.com.ar','inactiva',6,'2021-09-06 04:20:20','2021-09-06 13:48:07',NULL),(21,'Se cargo el numero de orden y pdf provee','Tenes un aprobacion de gasto','7/9/2021 12:59:51','Irberlys  Mirabal','/pagos/km','irberlys.mirabal@penalty.com.ar','natalia.ocampo@penalty.com.ar','activa',14,'2021-09-07 16:00:29','2021-09-07 16:00:29',NULL),(22,'Se cargo el numero de orden y pdf provee','Tenes un aprobacion de gasto','7/9/2021 13:00:40','Irberlys  Mirabal','/pagos/gasto','irberlys.mirabal@penalty.com.ar','natalia.ocampo@penalty.com.ar','activa',14,'2021-09-07 16:01:19','2021-09-07 16:01:19',NULL),(23,'Se cargo el numero de orden y pdf provee','Tenes un aprobacion de gasto','7/9/2021 13:01:20','Irberlys  Mirabal','/pagos/gasto','irberlys.mirabal@penalty.com.ar','natalia.ocampo@penalty.com.ar','activa',14,'2021-09-07 16:01:48','2021-09-07 16:01:48',NULL),(24,'ok','Tenes una aprobacion final','8/9/2021 10:20:16','Cristian  De Sousa','/aprobacion/gastos','cristian.desousa@penalty.com.ar','cristian.rios@penalty.com.ar','activa',8,'2021-09-08 13:20:16','2021-09-08 13:20:16',NULL),(25,'ok','Tenes una aprobacion final','8/9/2021 10:20:25','Cristian  De Sousa','/aprobacion/gastos','cristian.desousa@penalty.com.ar','cristian.rios@penalty.com.ar','activa',8,'2021-09-08 13:20:25','2021-09-08 13:20:25',NULL),(26,'ok','Tenes una aprobacion final','8/9/2021 10:20:52','Cristian  De Sousa','/aprobacion/km','cristian.desousa@penalty.com.ar','cristian.rios@penalty.com.ar','activa',8,'2021-09-08 13:20:52','2021-09-08 13:20:52',NULL),(27,'ok','Tenes una aprobacion final','8/9/2021 10:21:01','Cristian  De Sousa','/aprobacion/km','cristian.desousa@penalty.com.ar','cristian.rios@penalty.com.ar','activa',8,'2021-09-08 13:21:01','2021-09-08 13:21:01',NULL),(28,'ok','Tenes una aprobacion final','8/9/2021 10:21:13','Cristian  De Sousa','/aprobacion/km','cristian.desousa@penalty.com.ar','cristian.rios@penalty.com.ar','activa',8,'2021-09-08 13:21:13','2021-09-08 13:21:13',NULL),(29,NULL,'Tenes un anticipo de Sueldo','8/9/2021 10:22:06','Cristian  De Sousa','/aprobacion/sueldo','cristian.desousa@penalty.com.ar','cristian.desousa@penalty.com.ar','inactiva',8,'2021-09-08 13:22:06','2021-09-08 14:48:46',NULL),(30,'ok','Tenes una aprobacion final','8/9/2021 10:22:23','Cristian  De Sousa','/aprobacion/sueldo','cristian.desousa@penalty.com.ar','cristian.rios@penalty.com.ar','activa',8,'2021-09-08 13:22:23','2021-09-08 13:22:23',NULL),(31,'','Resolucion de  anticipo de Sueldo ','8/9/2021 10:33:41',NULL,'/estado/usuario','cristian.rios@penalty.com.ar','cristian.desousa@penalty.com.ar','inactiva',6,'2021-09-08 13:33:40','2021-09-08 14:48:32',NULL),(32,'Aprobado por gerencia','Tenes un anticipo de Sueldo','8/9/2021 10:33:41',NULL,'/vista/anicipo/sueldo','cristian.rios@penalty.com.ar','sandra.martinez@penalty.com.ar','inactiva',6,'2021-09-08 13:33:40','2021-09-10 17:54:34',NULL),(33,'Aprobado por gerencia','Tenes un anticipo de Sueldo','8/9/2021 10:33:41',NULL,'/vista/anicipo/sueldo','cristian.rios@penalty.com.ar','irberlys.mirabal@penalty.com.ar','activa',6,'2021-09-08 13:33:40','2021-09-08 13:33:40',NULL),(34,'','Resolucion de  anticipo de gasto','8/9/2021 10:33:58',NULL,'/estado/usuario','cristian.rios@penalty.com.ar','santiago.bossio@penalty.com.ar','activa',6,'2021-09-08 13:33:57','2021-09-08 13:33:57',NULL),(35,'Aprobado por gerencia','Tenes un anticipo de gasto','8/9/2021 10:33:58',NULL,'/vista/rendicion/gasto','cristian.rios@penalty.com.ar','sandra.martinez@penalty.com.ar','inactiva',6,'2021-09-08 13:33:57','2021-09-10 17:54:38',NULL),(36,'Aprobado por gerencia','Tenes un anticipo de gasto','8/9/2021 10:33:58',NULL,'/vista/rendicion/gasto','cristian.rios@penalty.com.ar','irberlys.mirabal@penalty.com.ar','activa',6,'2021-09-08 13:33:57','2021-09-08 13:33:57',NULL),(37,'','Resolucion de  anticipo de gasto','8/9/2021 10:34:42',NULL,'/estado/usuario','cristian.rios@penalty.com.ar','santiago.bossio@penalty.com.ar','activa',6,'2021-09-08 13:34:42','2021-09-08 13:34:42',NULL),(38,'Aprobado por gerencia','Tenes un anticipo de gasto a pagar','8/9/2021 10:34:42',NULL,'/pagos/gasto','cristian.rios@penalty.com.ar','natalia.ocampo@penalty.com.ar','inactiva',6,'2021-09-08 13:34:42','2021-09-08 20:01:44',NULL),(39,'','Resolucion de  anticipo de km','8/9/2021 10:35:02',NULL,'/estado/usuario','cristian.rios@penalty.com.ar','diego.salini@penalty.com.ar','activa',6,'2021-09-08 13:35:02','2021-09-08 13:35:02',NULL),(40,'Aprobado por gerencia','Tenes un anticipo de gasto','8/9/2021 10:35:02',NULL,'/vista/rendicion/Km','cristian.rios@penalty.com.ar','sandra.martinez@penalty.com.ar','inactiva',6,'2021-09-08 13:35:02','2021-09-08 14:13:40',NULL),(41,'Aprobado por gerencia','Tenes un anticipo de gasto','8/9/2021 10:35:02',NULL,'/vista/rendicion/Km','cristian.rios@penalty.com.ar','irberlys.mirabal@penalty.com.ar','activa',6,'2021-09-08 13:35:02','2021-09-08 13:35:02',NULL),(42,'','Resolucion de  anticipo de km','8/9/2021 10:35:04',NULL,'/estado/usuario','cristian.rios@penalty.com.ar','alejandro.perez@penalty.com.ar','inactiva',6,'2021-09-08 13:35:03','2021-09-17 20:13:45',NULL),(43,'Aprobado por gerencia','Tenes un anticipo de gasto','8/9/2021 10:35:04',NULL,'/vista/rendicion/Km','cristian.rios@penalty.com.ar','sandra.martinez@penalty.com.ar','inactiva',6,'2021-09-08 13:35:03','2021-09-10 12:54:55',NULL),(44,'Aprobado por gerencia','Tenes un anticipo de gasto','8/9/2021 10:35:04',NULL,'/vista/rendicion/Km','cristian.rios@penalty.com.ar','irberlys.mirabal@penalty.com.ar','activa',6,'2021-09-08 13:35:03','2021-09-08 13:35:03',NULL),(45,'','Resolucion de  anticipo de km','8/9/2021 10:35:11',NULL,'/estado/usuario','cristian.rios@penalty.com.ar','santiago.bossio@penalty.com.ar','activa',6,'2021-09-08 13:35:11','2021-09-08 13:35:11',NULL),(46,'Aprobado por gerencia','Tenes un anticipo de gasto','8/9/2021 10:35:11',NULL,'/vista/rendicion/Km','cristian.rios@penalty.com.ar','sandra.martinez@penalty.com.ar','inactiva',6,'2021-09-08 13:35:11','2021-09-10 12:54:58',NULL),(47,'Aprobado por gerencia','Tenes un anticipo de gasto','8/9/2021 10:35:11',NULL,'/vista/rendicion/Km','cristian.rios@penalty.com.ar','irberlys.mirabal@penalty.com.ar','inactiva',6,'2021-09-08 13:35:11','2021-09-08 16:22:56',NULL),(48,'','Resolucion de  anticipo de gasto','8/9/2021 12:39:09',NULL,'/estado/usuario','esteban@penalty.com.ar','bryan.ramirez@penalty.com.ar','inactiva',1,'2021-09-08 15:29:38','2021-09-27 15:12:38',NULL),(49,'','Resolucion de  anticipo de Sueldo ','8/9/2021 12:39:49',NULL,'/estado/usuario','esteban@penalty.com.ar','bryan.ramirez@penalty.com.ar','inactiva',1,'2021-09-08 15:30:18','2021-09-27 15:12:36',NULL),(50,'Se cargo el numero de orden y pdf provee','Tenes un aprobacion de gasto','8/9/2021 13:31:07','Irberlys  Mirabal','/pagos/gasto','irberlys.mirabal@penalty.com.ar','natalia.ocampo@penalty.com.ar','activa',14,'2021-09-08 16:45:29','2021-09-08 16:45:29',NULL),(51,'Se cargo el numero de orden y pdf provee','Tenes un aprobacion de gasto','8/9/2021 13:45:54','Irberlys  Mirabal','/pagos/gasto','irberlys.mirabal@penalty.com.ar','natalia.ocampo@penalty.com.ar','activa',14,'2021-09-08 16:47:12','2021-09-08 16:47:12',NULL),(52,'Se cargo el numero de orden y pdf provee','Tenes un aprobacion de gasto','8/9/2021 13:48:19','Irberlys  Mirabal','/pagos/gasto','irberlys.mirabal@penalty.com.ar','natalia.ocampo@penalty.com.ar','activa',14,'2021-09-08 16:48:43','2021-09-08 16:48:43',NULL),(53,'Se cargo el numero de orden y pdf provee','Tenes un aprobacion de gasto','8/9/2021 13:48:44','Irberlys  Mirabal','/pagos/gasto','irberlys.mirabal@penalty.com.ar','natalia.ocampo@penalty.com.ar','activa',14,'2021-09-08 16:49:14','2021-09-08 16:49:14',NULL),(54,'Se cargo el numero de orden y pdf provee','Tenes un aprobacion de gasto','8/9/2021 13:48:44','Irberlys  Mirabal','/pagos/gasto','irberlys.mirabal@penalty.com.ar','natalia.ocampo@penalty.com.ar','activa',14,'2021-09-08 16:49:14','2021-09-08 16:49:14',NULL),(55,'Se cargo el numero de orden y pdf provee','Tenes un aprobacion de gasto','8/9/2021 13:50:41','Irberlys  Mirabal','/pagos/km','irberlys.mirabal@penalty.com.ar','natalia.ocampo@penalty.com.ar','activa',14,'2021-09-08 16:51:10','2021-09-08 16:51:10',NULL),(56,'Se cargo el numero de orden y pdf provee','Tenes un aprobacion de gasto','8/9/2021 13:50:41','Irberlys  Mirabal','/pagos/km','irberlys.mirabal@penalty.com.ar','natalia.ocampo@penalty.com.ar','activa',14,'2021-09-08 16:51:10','2021-09-08 16:51:10',NULL),(57,'Se cargo el numero de orden y pdf provee','Tenes un aprobacion de gasto','8/9/2021 13:52:58','Irberlys  Mirabal','/pagos/km','irberlys.mirabal@penalty.com.ar','natalia.ocampo@penalty.com.ar','activa',14,'2021-09-08 16:53:01','2021-09-08 16:53:01',NULL),(58,'Se cargo el numero de orden y pdf provee','Tenes un aprobacion de gasto','8/9/2021 13:53:04','Irberlys  Mirabal','/pagos/km','irberlys.mirabal@penalty.com.ar','natalia.ocampo@penalty.com.ar','activa',14,'2021-09-08 16:53:57','2021-09-08 16:53:57',NULL),(59,'Se cargo el numero de orden y pdf provee','Tenes un aprobacion de gasto','8/9/2021 13:53:57','Irberlys  Mirabal','/pagos/km','irberlys.mirabal@penalty.com.ar','natalia.ocampo@penalty.com.ar','activa',14,'2021-09-08 16:55:51','2021-09-08 16:55:51',NULL),(60,'Se cargo el numero de orden y pdf provee','Tenes un aprobacion de gasto','8/9/2021 13:53:57','Irberlys  Mirabal','/pagos/km','irberlys.mirabal@penalty.com.ar','natalia.ocampo@penalty.com.ar','activa',14,'2021-09-08 16:55:51','2021-09-08 16:55:51',NULL),(61,'Se visiualizaran en la descripcion','Tenes un Rendicion de Kilometro','9/9/2021 10:12:09','Diego Quiroga','/aprobacion/km','diego.quiroga@penalty.com.ar','cristian.desousa@penalty.com.ar','inactiva',11,'2021-09-09 13:12:09','2021-09-09 17:08:34',NULL),(62,'Se cargo el numero de orden y pdf provee','Tenes un aprobacion de gasto','9/9/2021 10:46:42','Irberlys  Mirabal','/pagos/gasto','irberlys.mirabal@penalty.com.ar','natalia.ocampo@penalty.com.ar','inactiva',14,'2021-09-09 13:47:41','2021-09-09 14:46:49',NULL),(63,'Se cargo el numero de orden y pdf provee','Tenes un aprobacion de gasto','9/9/2021 11:37:10','Irberlys  Mirabal','/pagos/km','irberlys.mirabal@penalty.com.ar','natalia.ocampo@penalty.com.ar','activa',14,'2021-09-09 14:38:23','2021-09-09 14:38:23',NULL),(64,'Rendiciones finalizadas','Tenes una operacion de  Gasto ','9/9/2021 17:02:58','Diego Salini','/aprobacion/gastos','diego.salini@penalty.com.ar','cristian.desousa@penalty.com.ar','activa',21,'2021-09-09 20:02:59','2021-09-09 20:02:59',NULL),(65,'Rendiciones finalizadas','Tenes una operacion de  Gasto ','9/9/2021 17:03:19','Diego Salini','/aprobacion/gastos','diego.salini@penalty.com.ar','cristian.desousa@penalty.com.ar','inactiva',21,'2021-09-09 20:03:19','2021-09-10 15:30:53',NULL),(66,'Se visiualizaran en la descripcion','Tenes un Rendicion de Kilometro','10/9/2021 10:29:21','Federico Enrique Nachmann','/aprobacion/km','federico.nachmann@penalty.com.ar','cristian.desousa@penalty.com.ar','inactiva',15,'2021-09-10 13:29:21','2021-09-10 15:30:08',NULL),(67,'ok','Tenes una aprobacion final','10/9/2021 12:30:26','Cristian  De Sousa','/aprobacion/km','cristian.desousa@penalty.com.ar','cristian.rios@penalty.com.ar','activa',8,'2021-09-10 15:30:26','2021-09-10 15:30:26',NULL),(68,'','Resolucion de  anticipo de km','10/9/2021 15:26:46',NULL,'/estado/usuario','cristian.rios@penalty.com.ar','federico.nachmann@penalty.com.ar','activa',6,'2021-09-10 18:26:46','2021-09-10 18:26:46',NULL),(69,'Aprobado por gerencia','Tenes un anticipo de gasto','10/9/2021 15:26:46',NULL,'/vista/rendicion/Km','cristian.rios@penalty.com.ar','sandra.martinez@penalty.com.ar','inactiva',6,'2021-09-10 18:26:47','2021-09-10 18:49:33',NULL),(70,'Aprobado por gerencia','Tenes un anticipo de gasto','10/9/2021 15:26:46',NULL,'/vista/rendicion/Km','cristian.rios@penalty.com.ar','irberlys.mirabal@penalty.com.ar','activa',6,'2021-09-10 18:26:47','2021-09-10 18:26:47',NULL),(71,'ok','Tenes una aprobacion final','10/9/2021 15:28:02','Cristian  De Sousa','/aprobacion/gastos','cristian.desousa@penalty.com.ar','cristian.rios@penalty.com.ar','activa',8,'2021-09-10 18:28:02','2021-09-10 18:28:02',NULL),(72,'ok','Tenes una aprobacion final','10/9/2021 15:28:11','Cristian  De Sousa','/aprobacion/gastos','cristian.desousa@penalty.com.ar','cristian.rios@penalty.com.ar','activa',8,'2021-09-10 18:28:11','2021-09-10 18:28:11',NULL),(73,'Rendiciones finalizadas','Tenes una operacion de  Gasto ','10/9/2021 15:29:17','Cristian  Rios','/aprobacion/gastos','cristian.rios@penalty.com.ar','cristian.rios@penalty.com.ar','activa',6,'2021-09-10 18:29:17','2021-09-10 18:29:17',NULL),(74,'','Resolucion de  anticipo de gasto','10/9/2021 15:29:37',NULL,'/estado/usuario','cristian.rios@penalty.com.ar','diego.salini@penalty.com.ar','activa',6,'2021-09-10 18:29:37','2021-09-10 18:29:37',NULL),(75,'Aprobado por gerencia','Tenes un anticipo de gasto','10/9/2021 15:29:37',NULL,'/vista/rendicion/gasto','cristian.rios@penalty.com.ar','sandra.martinez@penalty.com.ar','inactiva',6,'2021-09-10 18:29:37','2021-09-10 18:49:04',NULL),(76,'Aprobado por gerencia','Tenes un anticipo de gasto','10/9/2021 15:29:37',NULL,'/vista/rendicion/gasto','cristian.rios@penalty.com.ar','irberlys.mirabal@penalty.com.ar','activa',6,'2021-09-10 18:29:37','2021-09-10 18:29:37',NULL),(77,'Aprobado por gerencia','Tenes un anticipo de gasto','10/9/2021 15:29:52',NULL,'/vista/rendicion/gasto','cristian.rios@penalty.com.ar','sandra.martinez@penalty.com.ar','inactiva',6,'2021-09-10 18:29:52','2021-09-10 18:49:02',NULL),(78,'Aprobado por gerencia','Tenes un anticipo de gasto','10/9/2021 15:29:52',NULL,'/vista/rendicion/gasto','cristian.rios@penalty.com.ar','irberlys.mirabal@penalty.com.ar','activa',6,'2021-09-10 18:29:52','2021-09-10 18:29:52',NULL),(79,'','Resolucion de  anticipo de gasto','10/9/2021 15:29:52',NULL,'/estado/usuario','cristian.rios@penalty.com.ar','diego.salini@penalty.com.ar','activa',6,'2021-09-10 18:29:52','2021-09-10 18:29:52',NULL),(80,'Aprobado por gerencia','Tenes un anticipo de gasto','10/9/2021 15:29:54',NULL,'/vista/rendicion/gasto','cristian.rios@penalty.com.ar','irberlys.mirabal@penalty.com.ar','activa',6,'2021-09-10 18:29:54','2021-09-10 18:29:54',NULL),(81,'','Resolucion de  anticipo de gasto','10/9/2021 15:29:54',NULL,'/estado/usuario','cristian.rios@penalty.com.ar','cristian.rios@penalty.com.ar','activa',6,'2021-09-10 18:29:54','2021-09-10 18:29:54',NULL),(82,'Aprobado por gerencia','Tenes un anticipo de gasto','10/9/2021 15:29:54',NULL,'/vista/rendicion/gasto','cristian.rios@penalty.com.ar','sandra.martinez@penalty.com.ar','inactiva',6,'2021-09-10 18:29:54','2021-09-10 18:49:00',NULL),(83,'Se cargo el numero de orden y pdf provee','Tenes un aprobacion de gasto','10/9/2021 16:38:44','Irberlys  Mirabal','/pagos/km','irberlys.mirabal@penalty.com.ar','natalia.ocampo@penalty.com.ar','activa',14,'2021-09-10 19:40:59','2021-09-10 19:40:59',NULL),(84,'Se cargo el numero de orden y pdf provee','Tenes un aprobacion de gasto','10/9/2021 16:41:32','Irberlys  Mirabal','/pagos/gasto','irberlys.mirabal@penalty.com.ar','natalia.ocampo@penalty.com.ar','activa',14,'2021-09-10 19:42:20','2021-09-10 19:42:20',NULL),(85,'Se cargo el numero de orden y pdf provee','Tenes un aprobacion de gasto','10/9/2021 16:42:38','Irberlys  Mirabal','/pagos/gasto','irberlys.mirabal@penalty.com.ar','natalia.ocampo@penalty.com.ar','activa',14,'2021-09-10 19:43:21','2021-09-10 19:43:21',NULL),(86,'solicitud aprobada','Tenes una operacion de  Gasto ','13/9/2021 09:55:34','Sandra Martinez Frasca','/vista/rendicion/gasto','guillermo.muradian@penalty.com.ar','sandra.martinez@penalty.com.ar','inactiva',19,'2021-09-13 12:55:28','2021-09-17 17:12:03',NULL),(87,'Rendiciones finalizadas','Tenes una operacion de  Gasto ','13/9/2021 10:21:09','Guillermo  Muradian','/aprobacion/gastos','guillermo.muradian@penalty.com.ar','cristian.desousa@penalty.com.ar','activa',19,'2021-09-13 13:21:00','2021-09-13 13:21:00',NULL),(88,'ok','Tenes una aprobacion final','14/9/2021 09:00:03','Cristian  De Sousa','/aprobacion/gastos','cristian.desousa@penalty.com.ar','cristian.rios@penalty.com.ar','activa',8,'2021-09-14 12:00:04','2021-09-14 12:00:04',NULL),(89,'Se cargo el numero de orden y pdf provee','Tenes un aprobacion de gasto','15/9/2021 09:10:41','Irberlys  Mirabal','/pagos/gasto','irberlys.mirabal@penalty.com.ar','natalia.ocampo@penalty.com.ar','activa',14,'2021-09-15 12:14:34','2021-09-15 12:14:34',NULL),(90,'Se cargo el numero de orden y pdf provee','Tenes un aprobacion de gasto','15/9/2021 10:30:20','Irberlys  Mirabal','/pagos/gasto','irberlys.mirabal@penalty.com.ar','natalia.ocampo@penalty.com.ar','activa',14,'2021-09-15 13:31:00','2021-09-15 13:31:00',NULL),(91,'Rendiciones finalizadas','Tenes una operacion de  Gasto ','16/9/2021 12:31:58','Alejandro  Perez ','/aprobacion/gastos','alejandro.perez@penalty.com.ar','cristian.desousa@penalty.com.ar','activa',20,'2021-09-16 15:32:00','2021-09-16 15:32:00',NULL),(92,'','Resolucion de  anticipo de gasto','16/9/2021 13:38:29',NULL,'/estado/usuario','cristian.rios@penalty.com.ar','guillermo.muradian@penalty.com.ar','inactiva',6,'2021-09-16 16:38:29','2021-09-21 12:20:15',NULL),(93,'Aprobado por gerencia','Tenes un anticipo de gasto','16/9/2021 13:38:29',NULL,'/vista/rendicion/gasto','cristian.rios@penalty.com.ar','sandra.martinez@penalty.com.ar','inactiva',6,'2021-09-16 16:38:29','2021-09-17 17:12:08',NULL),(94,'Aprobado por gerencia','Tenes un anticipo de gasto','16/9/2021 13:38:29',NULL,'/vista/rendicion/gasto','cristian.rios@penalty.com.ar','irberlys.mirabal@penalty.com.ar','activa',6,'2021-09-16 16:38:29','2021-09-16 16:38:29',NULL),(95,'Rendiciones finalizadas','Tenes una operacion de  Gasto ','16/9/2021 14:01:42','Esteban Ramos Santos','/aprobacion/gastos','esteban@penalty.com.ar','esteban@penalty.com.ar','inactiva',1,'2021-09-16 17:02:20','2021-09-16 20:59:35',NULL),(96,'varios peajes y estacionamiento','Tenes una aprobacion final','16/9/2021 14:02:04','Esteban Ramos Santos','/aprobacion/gastos','esteban@penalty.com.ar','cristian.rios@penalty.com.ar','activa',1,'2021-09-16 17:02:43','2021-09-16 17:02:43',NULL),(97,'Se visiualizaran en la descripcion','Tenes un Rendicion de Kilometro','16/9/2021 14:07:33','Esteban Ramos Santos','/aprobacion/km','esteban@penalty.com.ar','esteban@penalty.com.ar','inactiva',1,'2021-09-16 17:08:11','2021-09-16 20:59:32',NULL),(98,'Se visiualizaran en la descripcion','Tenes un Rendicion de Kilometro','16/9/2021 14:07:57','Esteban Ramos Santos','/aprobacion/km','esteban@penalty.com.ar','esteban@penalty.com.ar','inactiva',1,'2021-09-16 17:08:35','2021-09-16 20:59:32',NULL),(99,'Se visiualizaran en la descripcion','Tenes un Rendicion de Kilometro','16/9/2021 14:14:29','Esteban Ramos Santos','/aprobacion/km','esteban@penalty.com.ar','esteban@penalty.com.ar','inactiva',1,'2021-09-16 17:15:07','2021-09-16 20:59:41',NULL),(100,'chivilcoy, secretaria y varios','Tenes una aprobacion final','16/9/2021 14:15:10','Esteban Ramos Santos','/aprobacion/km','esteban@penalty.com.ar','cristian.rios@penalty.com.ar','activa',1,'2021-09-16 17:15:49','2021-09-16 17:15:49',NULL),(101,'','Resolucion de  anticipo de gasto','16/9/2021 14:17:01',NULL,'/estado/usuario','cristian.rios@penalty.com.ar','esteban@penalty.com.ar','inactiva',6,'2021-09-16 17:17:01','2021-09-16 20:59:39',NULL),(102,'Aprobado por gerencia','Tenes un anticipo de gasto','16/9/2021 14:17:01',NULL,'/vista/rendicion/gasto','cristian.rios@penalty.com.ar','sandra.martinez@penalty.com.ar','inactiva',6,'2021-09-16 17:17:01','2021-09-17 17:12:12',NULL),(103,'Aprobado por gerencia','Tenes un anticipo de gasto','16/9/2021 14:17:01',NULL,'/vista/rendicion/gasto','cristian.rios@penalty.com.ar','irberlys.mirabal@penalty.com.ar','activa',6,'2021-09-16 17:17:01','2021-09-16 17:17:01',NULL),(104,'','Resolucion de  anticipo de km','16/9/2021 14:17:26',NULL,'/estado/usuario','cristian.rios@penalty.com.ar','esteban@penalty.com.ar','inactiva',6,'2021-09-16 17:17:27','2021-09-16 20:59:39',NULL),(105,'Aprobado por gerencia','Tenes un anticipo de gasto','16/9/2021 14:17:26',NULL,'/vista/rendicion/Km','cristian.rios@penalty.com.ar','sandra.martinez@penalty.com.ar','inactiva',6,'2021-09-16 17:17:27','2021-09-17 17:12:14',NULL),(106,'Aprobado por gerencia','Tenes un anticipo de gasto','16/9/2021 14:17:26',NULL,'/vista/rendicion/Km','cristian.rios@penalty.com.ar','irberlys.mirabal@penalty.com.ar','inactiva',6,'2021-09-16 17:17:27','2021-10-02 02:09:15',NULL),(107,'','Resolucion de  anticipo de gasto','16/9/2021 16:30:17',NULL,'/estado/usuario','esteban@penalty.com.ar','esteban@penalty.com.ar','inactiva',1,'2021-09-16 19:30:57','2021-09-16 20:59:38',NULL),(108,'Se visiualizaran en la descripcion','Tenes un Rendicion de Kilometro','16/9/2021 16:38:39','Esteban Ramos Santos','/aprobacion/km','esteban@penalty.com.ar','esteban@penalty.com.ar','inactiva',1,'2021-09-16 19:39:19','2021-09-16 20:59:38',NULL),(109,'chivilvoy, dni, secretaria, varios','Tenes una aprobacion final','16/9/2021 16:39:04','Esteban Ramos Santos','/aprobacion/km','esteban@penalty.com.ar','cristian.rios@penalty.com.ar','activa',1,'2021-09-16 19:39:43','2021-09-16 19:39:43',NULL),(110,'ok','Tenes una aprobacion final','16/9/2021 17:07:21','Cristian  De Sousa','/aprobacion/gastos','cristian.desousa@penalty.com.ar','cristian.rios@penalty.com.ar','activa',8,'2021-09-16 20:07:22','2021-09-16 20:07:22',NULL),(111,'Se visiualizaran en la descripcion','Tenes un Rendicion de Kilometro','17/9/2021 09:14:12','Federico Enrique Nachmann','/aprobacion/km','federico.nachmann@penalty.com.ar','cristian.desousa@penalty.com.ar','activa',15,'2021-09-17 12:14:12','2021-09-17 12:14:12',NULL),(112,'Gracias!','Tenes un anticipo de Sueldo','17/9/2021 12:02:12','Marisa  Canales','/aprobacion/sueldo','marisa.canale@penalty.com.ar','cristian.rios@penalty.com.ar','activa',10,'2021-09-17 15:02:12','2021-09-17 15:02:12',NULL),(113,'','Tenes un anticipo de Sueldo','17/9/2021 15:03:45','Alejandro  Perez ','/aprobacion/sueldo','alejandro.perez@penalty.com.ar','cristian.desousa@penalty.com.ar','activa',20,'2021-09-17 18:03:45','2021-09-17 18:03:45',NULL),(114,'','Resolucion de  anticipo de Sueldo ','17/9/2021 15:41:23',NULL,'/estado/usuario','cristian.rios@penalty.com.ar','marisa.canale@penalty.com.ar','activa',6,'2021-09-17 18:41:25','2021-09-17 18:41:25',NULL),(115,'','Resolucion de  anticipo de gasto','17/9/2021 15:42:05',NULL,'/estado/usuario','cristian.rios@penalty.com.ar','alejandro.perez@penalty.com.ar','inactiva',6,'2021-09-17 18:42:06','2021-10-07 20:15:46',NULL),(116,'Aprobado por gerencia','Tenes un anticipo de gasto','17/9/2021 15:42:05',NULL,'/vista/rendicion/gasto','cristian.rios@penalty.com.ar','sandra.martinez@penalty.com.ar','inactiva',6,'2021-09-17 18:42:06','2021-09-17 18:51:10',NULL),(117,'Aprobado por gerencia','Tenes un anticipo de gasto','17/9/2021 15:42:05',NULL,'/vista/rendicion/gasto','cristian.rios@penalty.com.ar','irberlys.mirabal@penalty.com.ar','inactiva',6,'2021-09-17 18:42:06','2021-10-02 02:09:19',NULL),(118,'','Resolucion de  anticipo de km','17/9/2021 15:42:25',NULL,'/estado/usuario','cristian.rios@penalty.com.ar','esteban@penalty.com.ar','inactiva',6,'2021-09-17 18:42:26','2021-09-28 15:33:29',NULL),(119,'Aprobado por gerencia','Tenes un anticipo de gasto','17/9/2021 15:42:25',NULL,'/vista/rendicion/Km','cristian.rios@penalty.com.ar','sandra.martinez@penalty.com.ar','inactiva',6,'2021-09-17 18:42:26','2021-09-17 18:51:12',NULL),(120,'Aprobado por gerencia','Tenes un anticipo de gasto','17/9/2021 15:42:25',NULL,'/vista/rendicion/Km','cristian.rios@penalty.com.ar','irberlys.mirabal@penalty.com.ar','inactiva',6,'2021-09-17 18:42:26','2021-10-02 02:09:18',NULL),(121,'Se cargo el numero de orden y pdf provee','Tenes un aprobacion de gasto','20/9/2021 11:02:48','Irberlys  Mirabal','/pagos/km','irberlys.mirabal@penalty.com.ar','natalia.ocampo@penalty.com.ar','activa',14,'2021-09-20 14:04:02','2021-09-20 14:04:02',NULL),(122,'Se cargo el numero de orden y pdf provee','Tenes un aprobacion de gasto','20/9/2021 11:05:54','Irberlys  Mirabal','/pagos/gasto','irberlys.mirabal@penalty.com.ar','natalia.ocampo@penalty.com.ar','activa',14,'2021-09-20 14:06:55','2021-09-20 14:06:55',NULL),(123,'Se cargo el numero de orden y pdf provee','Tenes un aprobacion de gasto','20/9/2021 11:06:56','Irberlys  Mirabal','/pagos/gasto','irberlys.mirabal@penalty.com.ar','natalia.ocampo@penalty.com.ar','activa',14,'2021-09-20 14:07:39','2021-09-20 14:07:39',NULL),(124,'bueno eso, si se puede genial. gracias','Tenes un anticipo de Sueldo','20/9/2021 12:42:33','Marisa  Canales','/aprobacion/sueldo','marisa.canale@penalty.com.ar','cristian.rios@penalty.com.ar','activa',10,'2021-09-20 15:42:34','2021-09-20 15:42:34',NULL),(125,'Se cargo el numero de orden y pdf provee','Tenes un aprobacion de gasto','20/9/2021 13:33:03','Irberlys  Mirabal','/pagos/gasto','irberlys.mirabal@penalty.com.ar','natalia.ocampo@penalty.com.ar','activa',14,'2021-09-20 16:33:49','2021-09-20 16:33:49',NULL),(126,'','Resolucion de  anticipo de Sueldo ','20/9/2021 14:47:39',NULL,'/estado/usuario','cristian.rios@penalty.com.ar','marisa.canale@penalty.com.ar','inactiva',6,'2021-09-20 17:47:39','2021-09-20 18:45:52',NULL),(127,'Aprobado por gerencia','Tenes un anticipo de Sueldo','20/9/2021 14:47:39',NULL,'/vista/anicipo/sueldo','cristian.rios@penalty.com.ar','sandra.martinez@penalty.com.ar','inactiva',6,'2021-09-20 17:47:39','2021-09-20 18:12:49',NULL),(128,'Aprobado por gerencia','Tenes un anticipo de Sueldo','20/9/2021 14:47:39',NULL,'/vista/anicipo/sueldo','cristian.rios@penalty.com.ar','irberlys.mirabal@penalty.com.ar','inactiva',6,'2021-09-20 17:47:39','2021-10-02 02:09:14',NULL),(129,'','Tenes una aprobacion final','20/9/2021 17:11:14','Cristian  De Sousa','/aprobacion/sueldo','cristian.desousa@penalty.com.ar','cristian.rios@penalty.com.ar','activa',8,'2021-09-20 20:10:59','2021-09-20 20:10:59',NULL),(130,'','Resolucion de  anticipo de Sueldo ','20/9/2021 17:30:42',NULL,'/estado/usuario','cristian.rios@penalty.com.ar','alejandro.perez@penalty.com.ar','inactiva',6,'2021-09-20 20:30:42','2021-10-07 20:15:44',NULL),(131,'Aprobado por gerencia','Tenes un anticipo de Sueldo','20/9/2021 17:30:42',NULL,'/vista/anicipo/sueldo','cristian.rios@penalty.com.ar','sandra.martinez@penalty.com.ar','inactiva',6,'2021-09-20 20:30:42','2021-09-20 20:31:59',NULL),(132,'Aprobado por gerencia','Tenes un anticipo de Sueldo','20/9/2021 17:30:42',NULL,'/vista/anicipo/sueldo','cristian.rios@penalty.com.ar','irberlys.mirabal@penalty.com.ar','inactiva',6,'2021-09-20 20:30:42','2021-10-02 02:09:13',NULL),(133,'proceso pendiente','Tenes un recibo provisorio','21/9/2021 2:07:42','undefinedundefined','/aprobacion/sueldo',NULL,'martina.fragine@penalty.com.ar','activa',NULL,'2021-09-21 05:07:46','2021-09-21 05:07:46',NULL),(134,'proceso pendiente','Tenes un recibo provisorio','21/9/2021 2:07:42','undefinedundefined','/aprobacion/sueldo',NULL,'martina.fragine@penalty.com.ar','activa',NULL,'2021-09-21 05:07:46','2021-09-21 05:07:46',NULL),(135,'proceso pendiente','Tenes un recibo provisorio','21/9/2021 2:07:42','undefinedundefined','/aprobacion/sueldo',NULL,'martina.fragine@penalty.com.ar','activa',NULL,'2021-09-21 05:07:46','2021-09-21 05:07:46',NULL),(160,'proceso pendiente','Tenes un recibo provisorio','24/9/2021 13:13:28','usuario42204220','/lista/recibo','4220@penalty.com.ar','mariela.rossetti@penalty.com.ar','activa',26,'2021-09-24 16:13:41','2021-09-24 16:13:41',NULL),(161,'proceso pendiente','Tenes un recibo provisorio','24/9/2021 13:13:28','usuario42204220','/lista/recibo','4220@penalty.com.ar','marisa.canale@penalty.com.ar','activa',26,'2021-09-24 16:13:41','2021-09-24 16:13:41',NULL),(162,'proceso pendiente','Tenes un recibo provisorio','24/9/2021 13:13:28','usuario42204220','/lista/recibo','4220@penalty.com.ar','907@penalty.com.ar','inactiva',26,'2021-09-24 16:13:41','2021-09-24 18:16:00',NULL),(163,'proceso pendiente','Tenes un recibo provisorio','24/9/2021 13:16:05','usuario42204220','/lista/recibo','4220@penalty.com.ar','mariela.rossetti@penalty.com.ar','activa',26,'2021-09-24 16:16:19','2021-09-24 16:16:19',NULL),(164,'proceso pendiente','Tenes un recibo provisorio','24/9/2021 13:16:05','usuario42204220','/lista/recibo','4220@penalty.com.ar','marisa.canale@penalty.com.ar','activa',26,'2021-09-24 16:16:19','2021-09-24 16:16:19',NULL),(165,'proceso pendiente','Tenes un recibo provisorio','24/9/2021 13:16:05','usuario42204220','/lista/recibo','4220@penalty.com.ar','907@penalty.com.ar','inactiva',26,'2021-09-24 16:16:19','2021-09-24 18:15:58',NULL),(166,'proceso pendiente','Tenes un recibo provisorio','24/9/2021 13:18:36','usuario42204220','/lista/recibo','4220@penalty.com.ar','mariela.rossetti@penalty.com.ar','activa',26,'2021-09-24 16:18:49','2021-09-24 16:18:49',NULL),(167,'proceso pendiente','Tenes un recibo provisorio','24/9/2021 13:18:36','usuario42204220','/lista/recibo','4220@penalty.com.ar','marisa.canale@penalty.com.ar','activa',26,'2021-09-24 16:18:50','2021-09-24 16:18:50',NULL),(168,'proceso pendiente','Tenes un recibo provisorio','24/9/2021 13:18:36','usuario42204220','/lista/recibo','4220@penalty.com.ar','907@penalty.com.ar','inactiva',26,'2021-09-24 16:18:50','2021-09-24 18:15:56',NULL),(169,'proceso pendiente','Tenes un recibo provisorio','24/9/2021 13:19:38','usuario42204220','/lista/recibo','4220@penalty.com.ar','mariela.rossetti@penalty.com.ar','activa',26,'2021-09-24 16:19:52','2021-09-24 16:19:52',NULL),(170,'proceso pendiente','Tenes un recibo provisorio','24/9/2021 13:19:38','usuario42204220','/lista/recibo','4220@penalty.com.ar','marisa.canale@penalty.com.ar','activa',26,'2021-09-24 16:19:52','2021-09-24 16:19:52',NULL),(171,'proceso pendiente','Tenes un recibo provisorio','24/9/2021 13:19:38','usuario42204220','/lista/recibo','4220@penalty.com.ar','907@penalty.com.ar','inactiva',26,'2021-09-24 16:19:52','2021-09-24 18:15:52',NULL),(172,'proceso pendiente','Tenes un recibo provisorio','24/9/2021 13:27:09','usuario42204220','/lista/recibo','4220@penalty.com.ar','mariela.rossetti@penalty.com.ar','activa',26,'2021-09-24 16:27:22','2021-09-24 16:27:22',NULL),(173,'proceso pendiente','Tenes un recibo provisorio','24/9/2021 13:27:09','usuario42204220','/lista/recibo','4220@penalty.com.ar','marisa.canale@penalty.com.ar','activa',26,'2021-09-24 16:27:22','2021-09-24 16:27:22',NULL),(174,'proceso pendiente','Tenes un recibo provisorio','24/9/2021 13:27:09','usuario42204220','/lista/recibo','4220@penalty.com.ar','907@penalty.com.ar','inactiva',26,'2021-09-24 16:27:22','2021-09-24 18:15:53',NULL),(175,'proceso pendiente','Tenes un recibo provisorio','24/9/2021 13:29:56','usuario42204220','/lista/recibo','4220@penalty.com.ar','mariela.rossetti@penalty.com.ar','activa',26,'2021-09-24 16:30:09','2021-09-24 16:30:09',NULL),(176,'proceso pendiente','Tenes un recibo provisorio','24/9/2021 13:29:56','usuario42204220','/lista/recibo','4220@penalty.com.ar','marisa.canale@penalty.com.ar','activa',26,'2021-09-24 16:30:09','2021-09-24 16:30:09',NULL),(177,'proceso pendiente','Tenes un recibo provisorio','24/9/2021 13:29:56','usuario42204220','/lista/recibo','4220@penalty.com.ar','907@penalty.com.ar','inactiva',26,'2021-09-24 16:30:09','2021-09-24 18:15:51',NULL),(178,'proceso pendiente','Tenes un recibo provisorio','24/9/2021 13:30:10','usuario42204220','/lista/recibo','4220@penalty.com.ar','mariela.rossetti@penalty.com.ar','activa',26,'2021-09-24 16:30:23','2021-09-24 16:30:23',NULL),(179,'proceso pendiente','Tenes un recibo provisorio','24/9/2021 13:30:10','usuario42204220','/lista/recibo','4220@penalty.com.ar','marisa.canale@penalty.com.ar','activa',26,'2021-09-24 16:30:23','2021-09-24 16:30:23',NULL),(180,'proceso pendiente','Tenes un recibo provisorio','24/9/2021 13:30:10','usuario42204220','/lista/recibo','4220@penalty.com.ar','907@penalty.com.ar','inactiva',26,'2021-09-24 16:30:23','2021-09-24 18:15:49',NULL),(181,'proceso pendiente','Tenes un recibo provisorio','24/9/2021 13:30:19','usuario42204220','/lista/recibo','4220@penalty.com.ar','mariela.rossetti@penalty.com.ar','activa',26,'2021-09-24 16:30:33','2021-09-24 16:30:33',NULL),(182,'proceso pendiente','Tenes un recibo provisorio','24/9/2021 13:30:19','usuario42204220','/lista/recibo','4220@penalty.com.ar','marisa.canale@penalty.com.ar','activa',26,'2021-09-24 16:30:33','2021-09-24 16:30:33',NULL),(183,'proceso pendiente','Tenes un recibo provisorio','24/9/2021 13:30:19','usuario42204220','/lista/recibo','4220@penalty.com.ar','907@penalty.com.ar','inactiva',26,'2021-09-24 16:30:33','2021-09-24 18:15:49',NULL),(184,'proceso pendiente','Tenes un recibo provisorio','24/9/2021 13:31:14','usuario42204220','/lista/recibo','4220@penalty.com.ar','mariela.rossetti@penalty.com.ar','activa',26,'2021-09-24 16:31:27','2021-09-24 16:31:27',NULL),(185,'proceso pendiente','Tenes un recibo provisorio','24/9/2021 13:31:14','usuario42204220','/lista/recibo','4220@penalty.com.ar','marisa.canale@penalty.com.ar','inactiva',26,'2021-09-24 16:31:28','2021-10-04 15:14:44',NULL),(186,'proceso pendiente','Tenes un recibo provisorio','24/9/2021 13:31:14','usuario42204220','/lista/recibo','4220@penalty.com.ar','907@penalty.com.ar','inactiva',26,'2021-09-24 16:31:28','2021-09-24 18:15:47',NULL),(187,'Sería para descontar en el próximo sueld','Tenes un anticipo de Sueldo','27/9/2021 14:14:24','Jesus Paredes','/aprobacion/sueldo','jesus.paredes@penalty.com.ar','cristian.desousa@penalty.com.ar','activa',18,'2021-09-27 17:14:24','2021-09-27 17:14:24',NULL),(188,'','Tenes una aprobacion final','27/9/2021 14:41:13','Cristian  De Sousa','/aprobacion/sueldo','cristian.desousa@penalty.com.ar','cristian.rios@penalty.com.ar','inactiva',8,'2021-09-27 17:41:12','2021-09-28 13:12:14',NULL),(189,'','Resolucion de  anticipo de Sueldo ','27/9/2021 14:53:37',NULL,'/estado/usuario','cristian.rios@penalty.com.ar','jesus.paredes@penalty.com.ar','activa',6,'2021-09-27 17:53:37','2021-09-27 17:53:37',NULL),(190,'Aprobado por gerencia','Tenes un anticipo de Sueldo','27/9/2021 14:53:37',NULL,'/vista/anicipo/sueldo','cristian.rios@penalty.com.ar','sandra.martinez@penalty.com.ar','inactiva',6,'2021-09-27 17:53:37','2021-09-28 12:49:41',NULL),(191,'Aprobado por gerencia','Tenes un anticipo de Sueldo','27/9/2021 14:53:37',NULL,'/vista/anicipo/sueldo','cristian.rios@penalty.com.ar','irberlys.mirabal@penalty.com.ar','inactiva',6,'2021-09-27 17:53:37','2021-10-02 02:09:13',NULL),(192,'','Resolucion de  anticipo de gasto','29/9/2021 15:44:49',NULL,'/estado/usuario','bryan.ramirez@penaltyarg.com.ar','bryan.ramirez@penaltyarg.com.ar','inactiva',1,'2021-09-29 18:45:49','2021-10-08 07:16:09',NULL),(193,'','Resolucion de  anticipo de gasto','29/9/2021 15:44:59',NULL,'/estado/usuario','bryan.ramirez@penaltyarg.com.ar','bryan.ramirez@penaltyarg.com.ar','inactiva',1,'2021-09-29 18:45:59','2021-10-08 06:59:07',NULL),(194,'','Tenes una aprobacion final','29/9/2021 15:49:21','Bryan Ramirez','/aprobacion/km','bryan.ramirez@penaltyarg.com.ar','cristian.rios@penalty.com.ar','activa',1,'2021-09-29 18:50:21','2021-09-29 18:50:21',NULL),(195,'','Tenes una aprobacion final','29/9/2021 15:49:24','Bryan Ramirez','/aprobacion/km','bryan.ramirez@penaltyarg.com.ar','cristian.rios@penalty.com.ar','activa',1,'2021-09-29 18:50:24','2021-09-29 18:50:24',NULL),(196,'','Tenes una aprobacion final','29/9/2021 15:49:26','Bryan Ramirez','/aprobacion/km','bryan.ramirez@penaltyarg.com.ar','cristian.rios@penalty.com.ar','activa',1,'2021-09-29 18:50:26','2021-09-29 18:50:26',NULL),(197,'','Resolucion de  anticipo de gasto','29/9/2021 15:49:29',NULL,'/estado/usuario','bryan.ramirez@penaltyarg.com.ar','bryan.ramirez@penaltyarg.com.ar','inactiva',1,'2021-09-29 18:50:28','2021-10-08 07:41:54',NULL),(198,'','Tenes una aprobacion final','29/9/2021 15:49:48','Bryan Ramirez','/aprobacion/km','bryan.ramirez@penaltyarg.com.ar','cristian.rios@penalty.com.ar','activa',1,'2021-09-29 18:50:48','2021-09-29 18:50:48',NULL),(199,'','Tenes una aprobacion final','29/9/2021 15:51:47','Bryan Ramirez','/aprobacion/km','bryan.ramirez@penaltyarg.com.ar','cristian.rios@penalty.com.ar','activa',1,'2021-09-29 18:52:47','2021-09-29 18:52:47',NULL),(200,'','Tenes una aprobacion final','29/9/2021 15:51:58','Bryan Ramirez','/aprobacion/km','bryan.ramirez@penaltyarg.com.ar','cristian.rios@penalty.com.ar','activa',1,'2021-09-29 18:52:57','2021-09-29 18:52:57',NULL),(201,'','Tenes una aprobacion final','29/9/2021 15:52:18','Bryan Ramirez','/aprobacion/km','bryan.ramirez@penaltyarg.com.ar','cristian.rios@penalty.com.ar','activa',1,'2021-09-29 18:53:18','2021-09-29 18:53:18',NULL),(202,'','Resolucion de  anticipo de gasto','29/9/2021 15:52:23',NULL,'/estado/usuario','bryan.ramirez@penaltyarg.com.ar','bryan.ramirez@penaltyarg.com.ar','inactiva',1,'2021-09-29 18:53:23','2021-10-08 07:16:45',NULL),(203,'','Tenes una aprobacion final','29/9/2021 15:54:22','Bryan Ramirez','/aprobacion/km','bryan.ramirez@penaltyarg.com.ar','cristian.rios@penalty.com.ar','activa',1,'2021-09-29 18:55:22','2021-09-29 18:55:22',NULL),(204,'','Tenes una aprobacion final','29/9/2021 15:54:26','Bryan Ramirez','/aprobacion/km','bryan.ramirez@penaltyarg.com.ar','cristian.rios@penalty.com.ar','activa',1,'2021-09-29 18:55:26','2021-09-29 18:55:26',NULL),(205,'','Tenes una aprobacion final','29/9/2021 15:55:02','Bryan Ramirez','/aprobacion/km','bryan.ramirez@penaltyarg.com.ar','cristian.rios@penalty.com.ar','activa',1,'2021-09-29 18:56:02','2021-09-29 18:56:02',NULL),(206,'','Tenes una aprobacion final','29/9/2021 15:55:47','Bryan Ramirez','/aprobacion/km','bryan.ramirez@penaltyarg.com.ar','cristian.rios@penalty.com.ar','activa',1,'2021-09-29 18:56:47','2021-09-29 18:56:47',NULL),(207,'','Tenes una aprobacion final','29/9/2021 15:56:29','Bryan Ramirez','/aprobacion/km','bryan.ramirez@penaltyarg.com.ar','cristian.rios@penalty.com.ar','activa',1,'2021-09-29 18:57:29','2021-09-29 18:57:29',NULL),(208,'','Tenes una aprobacion final','29/9/2021 15:56:32','Bryan Ramirez','/aprobacion/km','bryan.ramirez@penaltyarg.com.ar','cristian.rios@penalty.com.ar','activa',1,'2021-09-29 18:57:31','2021-09-29 18:57:31',NULL),(209,'','Tenes una aprobacion final','29/9/2021 15:56:37','Bryan Ramirez','/aprobacion/km','bryan.ramirez@penaltyarg.com.ar','cristian.rios@penalty.com.ar','activa',1,'2021-09-29 18:57:37','2021-09-29 18:57:37',NULL),(210,'','Tenes una aprobacion final','29/9/2021 15:59:55','Bryan Ramirez','/aprobacion/sueldo','bryan.ramirez@penaltyarg.com.ar','cristian.rios@penalty.com.ar','activa',1,'2021-09-29 19:00:56','2021-09-29 19:00:56',NULL),(211,'','Resolucion de  anticipo de Sueldo ','29/9/2021 16:01:36',NULL,'/estado/usuario','bryan.ramirez@penaltyarg.com.ar','bryan.ramirez@penaltyarg.com.ar','inactiva',1,'2021-09-29 19:02:36','2021-10-06 17:47:26',NULL),(212,'','Tenes una aprobacion final','29/9/2021 16:01:51','Bryan Ramirez','/aprobacion/sueldo','bryan.ramirez@penaltyarg.com.ar','cristian.rios@penalty.com.ar','activa',1,'2021-09-29 19:02:51','2021-09-29 19:02:51',NULL),(213,'','Tenes una aprobacion final','29/9/2021 16:01:55','Bryan Ramirez','/aprobacion/sueldo','bryan.ramirez@penaltyarg.com.ar','cristian.rios@penalty.com.ar','activa',1,'2021-09-29 19:02:55','2021-09-29 19:02:55',NULL),(214,'','Resolucion de  anticipo de Sueldo ','29/9/2021 16:03:09',NULL,'/estado/usuario','bryan.ramirez@penaltyarg.com.ar','bryan.ramirez@penaltyarg.com.ar','inactiva',1,'2021-09-29 19:04:09','2021-10-08 06:58:55',NULL),(215,'','Tenes una aprobacion final','29/9/2021 16:03:44','Bryan Ramirez','/aprobacion/sueldo','bryan.ramirez@penaltyarg.com.ar','cristian.rios@penalty.com.ar','activa',1,'2021-09-29 19:04:44','2021-09-29 19:04:44',NULL),(216,'','Tenes una aprobacion final','29/9/2021 16:06:24','Bryan Ramirez','/aprobacion/sueldo','bryan.ramirez@penaltyarg.com.ar','cristian.rios@penalty.com.ar','activa',1,'2021-09-29 19:07:24','2021-09-29 19:07:24',NULL),(217,'','Tenes una aprobacion final','29/9/2021 16:06:34','Bryan Ramirez','/aprobacion/sueldo','bryan.ramirez@penaltyarg.com.ar','cristian.rios@penalty.com.ar','activa',1,'2021-09-29 19:07:34','2021-09-29 19:07:34',NULL),(218,'','Tenes una aprobacion final','29/9/2021 16:08:05','Bryan Ramirez','/aprobacion/sueldo','bryan.ramirez@penaltyarg.com.ar','cristian.rios@penalty.com.ar','activa',1,'2021-09-29 19:09:05','2021-09-29 19:09:05',NULL),(219,'','Tenes una aprobacion final','29/9/2021 16:08:22','Bryan Ramirez','/aprobacion/sueldo','bryan.ramirez@penaltyarg.com.ar','cristian.rios@penalty.com.ar','activa',1,'2021-09-29 19:09:22','2021-09-29 19:09:22',NULL),(220,'','Tenes una aprobacion final','29/9/2021 16:11:45','Bryan Ramirez','/aprobacion/sueldo','bryan.ramirez@penaltyarg.com.ar','cristian.rios@penalty.com.ar','activa',1,'2021-09-29 19:12:45','2021-09-29 19:12:45',NULL),(221,'','Tenes una aprobacion final','29/9/2021 16:14:21','Bryan Ramirez','/aprobacion/sueldo','bryan.ramirez@penaltyarg.com.ar','cristian.rios@penalty.com.ar','activa',1,'2021-09-29 19:15:29','2021-09-29 19:15:29',NULL),(222,'','Tenes una aprobacion final','29/9/2021 16:18:31','Bryan Ramirez','/aprobacion/sueldo','bryan.ramirez@penaltyarg.com.ar','cristian.rios@penalty.com.ar','activa',1,'2021-09-29 19:19:31','2021-09-29 19:19:31',NULL),(223,'','Tenes una aprobacion final','29/9/2021 16:24:49','Bryan Ramirez','/aprobacion/sueldo','bryan.ramirez@penaltyarg.com.ar','cristian.rios@penalty.com.ar','activa',1,'2021-09-29 19:25:49','2021-09-29 19:25:49',NULL),(224,'','Tenes una aprobacion final','29/9/2021 16:24:53','Bryan Ramirez','/aprobacion/sueldo','bryan.ramirez@penaltyarg.com.ar','cristian.rios@penalty.com.ar','activa',1,'2021-09-29 19:25:53','2021-09-29 19:25:53',NULL),(225,'','Resolucion de  anticipo de Sueldo ','29/9/2021 16:25:06',NULL,'/estado/usuario','bryan.ramirez@penaltyarg.com.ar','bryan.ramirez@penaltyarg.com.ar','inactiva',1,'2021-09-29 19:26:00','2021-10-08 06:59:09',NULL),(226,'','Tenes una aprobacion final','29/9/2021 16:28:25','Bryan Ramirez','/aprobacion/gastos','bryan.ramirez@penaltyarg.com.ar','cristian.rios@penalty.com.ar','activa',1,'2021-09-29 19:28:54','2021-09-29 19:28:54',NULL),(227,'sadas','Tenes una aprobacion final','29/9/2021 16:28:27','Bryan Ramirez','/aprobacion/gastos','bryan.ramirez@penaltyarg.com.ar','cristian.rios@penalty.com.ar','activa',1,'2021-09-29 19:28:57','2021-09-29 19:28:57',NULL),(228,'','Tenes una aprobacion final','29/9/2021 16:28:28','Bryan Ramirez','/aprobacion/gastos','bryan.ramirez@penaltyarg.com.ar','cristian.rios@penalty.com.ar','activa',1,'2021-09-29 19:28:58','2021-09-29 19:28:58',NULL),(229,'Se visiualizaran en la descripcion','Tenes un Rendicion de Kilometro','1/10/2021 10:06:08','Diego Salini','/aprobacion/km','diego.salini@penalty.com.ar','cristian.desousa@penalty.com.ar','activa',21,'2021-10-01 13:06:08','2021-10-01 13:06:08',NULL),(230,'Rendiciones finalizadas','Tenes una operacion de  Gasto ','1/10/2021 11:09:52','Diego Salini','/aprobacion/gastos','diego.salini@penalty.com.ar','cristian.desousa@penalty.com.ar','activa',21,'2021-10-01 14:09:52','2021-10-01 14:09:52',NULL),(231,'Rendiciones finalizadas','Tenes una operacion de  Gasto ','1/10/2021 11:10:02','Diego Salini','/aprobacion/gastos','diego.salini@penalty.com.ar','cristian.desousa@penalty.com.ar','activa',21,'2021-10-01 14:10:02','2021-10-01 14:10:02',NULL),(232,'Rendiciones finalizadas','Tenes una operacion de  Gasto ','1/10/2021 11:10:21','Diego Salini','/aprobacion/gastos','diego.salini@penalty.com.ar','cristian.desousa@penalty.com.ar','activa',21,'2021-10-01 14:10:21','2021-10-01 14:10:21',NULL),(233,'Se visiualizaran en la descripcion','Tenes un Rendicion de Kilometro','3/10/2021 19:07:53','Cristian  Rios','/aprobacion/km','cristian.rios@penalty.com.ar','cristian.rios@penalty.com.ar','activa',6,'2021-10-03 22:08:17','2021-10-03 22:08:17',NULL),(234,'','Resolucion de  anticipo de km','3/10/2021 19:08:36',NULL,'/estado/usuario','cristian.rios@penalty.com.ar','cristian.rios@penalty.com.ar','activa',6,'2021-10-03 22:08:59','2021-10-03 22:08:59',NULL),(235,'Aprobado por gerencia','Tenes un anticipo de gasto','3/10/2021 19:08:36',NULL,'/vista/rendicion/Km','cristian.rios@penalty.com.ar','sandra.martinez@penalty.com.ar','inactiva',6,'2021-10-03 22:08:59','2021-10-04 12:45:25',NULL),(236,'Aprobado por gerencia','Tenes un anticipo de gasto','3/10/2021 19:08:36',NULL,'/vista/rendicion/Km','cristian.rios@penalty.com.ar','irberlys.mirabal@penalty.com.ar','activa',6,'2021-10-03 22:08:59','2021-10-03 22:08:59',NULL),(237,'Solicito me anticipen de las comisiones ','Tenes un anticipo de Sueldo','10/4/2021 8:40:14 a. m.','Guillermo  Muradian','/aprobacion/sueldo','guillermo.muradian@penalty.com.ar','cristian.desousa@penalty.com.ar','inactiva',19,'2021-10-04 11:40:35','2021-10-05 17:47:37',NULL),(238,'Rendiciones finalizadas','Tenes una operacion de  Gasto ','4/10/2021 10:34:19','Cristian  Rios','/aprobacion/gastos','cristian.rios@penalty.com.ar','cristian.rios@penalty.com.ar','activa',6,'2021-10-04 13:34:19','2021-10-04 13:34:19',NULL),(239,'','Resolucion de  anticipo de gasto','4/10/2021 10:34:38',NULL,'/estado/usuario','cristian.rios@penalty.com.ar','cristian.rios@penalty.com.ar','activa',6,'2021-10-04 13:34:38','2021-10-04 13:34:38',NULL),(240,'Aprobado por gerencia','Tenes un anticipo de gasto','4/10/2021 10:34:38',NULL,'/vista/rendicion/gasto','cristian.rios@penalty.com.ar','sandra.martinez@penalty.com.ar','inactiva',6,'2021-10-04 13:34:38','2021-10-12 13:02:57',NULL),(241,'Aprobado por gerencia','Tenes un anticipo de gasto','4/10/2021 10:34:38',NULL,'/vista/rendicion/gasto','cristian.rios@penalty.com.ar','irberlys.mirabal@penalty.com.ar','activa',6,'2021-10-04 13:34:38','2021-10-04 13:34:38',NULL),(242,'Se visiualizaran en la descripcion','Tenes un Rendicion de Kilometro','4/10/2021 10:49:53','Santiago Bossio','/aprobacion/km','santiago.bossio@penalty.com.ar','cristian.desousa@penalty.com.ar','activa',22,'2021-10-04 13:49:54','2021-10-04 13:49:54',NULL),(243,'Se visiualizaran en la descripcion','Tenes un Rendicion de Kilometro','4/10/2021 22:49:12','Alejandro  Perez ','/aprobacion/km','alejandro.perez@penalty.com.ar','cristian.desousa@penalty.com.ar','activa',20,'2021-10-05 01:49:12','2021-10-05 01:49:12',NULL),(244,'Se visiualizaran en la descripcion','Tenes un Rendicion de Kilometro','4/10/2021 22:49:18','Alejandro  Perez ','/aprobacion/km','alejandro.perez@penalty.com.ar','cristian.desousa@penalty.com.ar','activa',20,'2021-10-05 01:49:18','2021-10-05 01:49:18',NULL),(245,'','Tenes una aprobacion final','5/10/2021 14:48:52','Cristian  De Sousa','/aprobacion/sueldo','cristian.desousa@penalty.com.ar','cristian.rios@penalty.com.ar','activa',8,'2021-10-05 17:48:52','2021-10-05 17:48:52',NULL),(246,'','Tenes una aprobacion final','5/10/2021 14:49:48','Cristian  De Sousa','/aprobacion/gastos','cristian.desousa@penalty.com.ar','cristian.rios@penalty.com.ar','activa',8,'2021-10-05 17:49:48','2021-10-05 17:49:48',NULL),(247,'','Tenes una aprobacion final','5/10/2021 14:49:58','Cristian  De Sousa','/aprobacion/gastos','cristian.desousa@penalty.com.ar','cristian.rios@penalty.com.ar','activa',8,'2021-10-05 17:49:58','2021-10-05 17:49:58',NULL),(248,'','Tenes una aprobacion final','5/10/2021 14:50:06','Cristian  De Sousa','/aprobacion/gastos','cristian.desousa@penalty.com.ar','cristian.rios@penalty.com.ar','activa',8,'2021-10-05 17:50:07','2021-10-05 17:50:07',NULL),(249,'','Tenes una aprobacion final','5/10/2021 14:50:41','Cristian  De Sousa','/aprobacion/km','cristian.desousa@penalty.com.ar','cristian.rios@penalty.com.ar','activa',8,'2021-10-05 17:50:41','2021-10-05 17:50:41',NULL),(250,'','Tenes una aprobacion final','5/10/2021 14:50:57','Cristian  De Sousa','/aprobacion/km','cristian.desousa@penalty.com.ar','cristian.rios@penalty.com.ar','activa',8,'2021-10-05 17:50:57','2021-10-05 17:50:57',NULL),(251,'','Tenes una aprobacion final','5/10/2021 14:51:06','Cristian  De Sousa','/aprobacion/km','cristian.desousa@penalty.com.ar','cristian.rios@penalty.com.ar','activa',8,'2021-10-05 17:51:07','2021-10-05 17:51:07',NULL),(252,'','Tenes una aprobacion final','5/10/2021 14:51:18','Cristian  De Sousa','/aprobacion/km','cristian.desousa@penalty.com.ar','cristian.rios@penalty.com.ar','activa',8,'2021-10-05 17:51:19','2021-10-05 17:51:19',NULL),(253,'','Tenes una aprobacion final','5/10/2021 14:51:27','Cristian  De Sousa','/aprobacion/km','cristian.desousa@penalty.com.ar','cristian.rios@penalty.com.ar','activa',8,'2021-10-05 17:51:27','2021-10-05 17:51:27',NULL),(254,'Se visiualizaran en la descripcion','Tenes un Rendicion de Kilometro','5/10/2021 16:35:22','Guillermo  Muradian','/aprobacion/km','guillermo.muradian@penalty.com.ar','cristian.desousa@penalty.com.ar','activa',19,'2021-10-05 19:35:45','2021-10-05 19:35:45',NULL),(255,'Se visiualizaran en la descripcion','Tenes un Rendicion de Kilometro','5/10/2021 16:38:56','Guillermo  Muradian','/aprobacion/km','guillermo.muradian@penalty.com.ar','cristian.desousa@penalty.com.ar','activa',19,'2021-10-05 19:39:19','2021-10-05 19:39:19',NULL),(256,'Se visiualizaran en la descripcion','Tenes un Rendicion de Kilometro','5/10/2021 16:59:37','Guillermo  Muradian','/aprobacion/km','guillermo.muradian@penalty.com.ar','cristian.desousa@penalty.com.ar','activa',19,'2021-10-05 20:00:01','2021-10-05 20:00:01',NULL),(257,'','Resolucion de  anticipo de Sueldo ','7/10/2021 0:13:33','Cristian  Rios','/estado/usuario','cristian.rios@penalty.com.ar','guillermo.muradian@penalty.com.ar','activa',6,'2021-10-07 03:13:33','2021-10-07 03:13:33',NULL),(258,'Aprobado por gerencia','Tenes un anticipo de Sueldo','7/10/2021 0:13:33','Cristian  Rios','/pagos/anticipo','cristian.rios@penalty.com.ar','natalia.ocampo@penalty.com.ar','activa',6,'2021-10-07 03:13:33','2021-10-07 03:13:33',NULL),(259,'','Resolucion de  anticipo de km','7/10/2021 0:13:49',NULL,'/estado/usuario','cristian.rios@penalty.com.ar','alejandro.perez@penalty.com.ar','inactiva',6,'2021-10-07 03:13:49','2021-10-07 20:16:01',NULL),(260,'Aprobado por gerencia','Tenes un anticipo de gasto','7/10/2021 0:13:49',NULL,'/vista/rendicion/Km','cristian.rios@penalty.com.ar','sandra.martinez@penalty.com.ar','inactiva',6,'2021-10-07 03:13:49','2021-10-12 13:02:59',NULL),(261,'Aprobado por gerencia','Tenes un anticipo de gasto','7/10/2021 0:13:49',NULL,'/vista/rendicion/Km','cristian.rios@penalty.com.ar','irberlys.mirabal@penalty.com.ar','activa',6,'2021-10-07 03:13:49','2021-10-07 03:13:49',NULL),(262,'','Resolucion de  anticipo de km','7/10/2021 0:13:51',NULL,'/estado/usuario','cristian.rios@penalty.com.ar','alejandro.perez@penalty.com.ar','inactiva',6,'2021-10-07 03:13:51','2021-10-07 20:16:07',NULL),(263,'Aprobado por gerencia','Tenes un anticipo de gasto','7/10/2021 0:13:51',NULL,'/vista/rendicion/Km','cristian.rios@penalty.com.ar','sandra.martinez@penalty.com.ar','inactiva',6,'2021-10-07 03:13:51','2021-10-12 13:03:01',NULL),(264,'Aprobado por gerencia','Tenes un anticipo de gasto','7/10/2021 0:13:51',NULL,'/vista/rendicion/Km','cristian.rios@penalty.com.ar','irberlys.mirabal@penalty.com.ar','activa',6,'2021-10-07 03:13:51','2021-10-07 03:13:51',NULL),(265,'','Resolucion de  anticipo de km','7/10/2021 0:13:53',NULL,'/estado/usuario','cristian.rios@penalty.com.ar','santiago.bossio@penalty.com.ar','activa',6,'2021-10-07 03:13:54','2021-10-07 03:13:54',NULL),(266,'Aprobado por gerencia','Tenes un anticipo de gasto','7/10/2021 0:13:53',NULL,'/vista/rendicion/Km','cristian.rios@penalty.com.ar','sandra.martinez@penalty.com.ar','inactiva',6,'2021-10-07 03:13:54','2021-10-12 13:03:02',NULL),(267,'Aprobado por gerencia','Tenes un anticipo de gasto','7/10/2021 0:13:53',NULL,'/vista/rendicion/Km','cristian.rios@penalty.com.ar','irberlys.mirabal@penalty.com.ar','activa',6,'2021-10-07 03:13:54','2021-10-07 03:13:54',NULL),(268,'','Resolucion de  anticipo de km','7/10/2021 0:13:56',NULL,'/estado/usuario','cristian.rios@penalty.com.ar','diego.salini@penalty.com.ar','activa',6,'2021-10-07 03:13:56','2021-10-07 03:13:56',NULL),(269,'Aprobado por gerencia','Tenes un anticipo de gasto','7/10/2021 0:13:56',NULL,'/vista/rendicion/Km','cristian.rios@penalty.com.ar','sandra.martinez@penalty.com.ar','inactiva',6,'2021-10-07 03:13:56','2021-10-12 13:02:48',NULL),(270,'Aprobado por gerencia','Tenes un anticipo de gasto','7/10/2021 0:13:56',NULL,'/vista/rendicion/Km','cristian.rios@penalty.com.ar','irberlys.mirabal@penalty.com.ar','activa',6,'2021-10-07 03:13:56','2021-10-07 03:13:56',NULL),(271,'','Resolucion de  anticipo de km','7/10/2021 0:14:05',NULL,'/estado/usuario','cristian.rios@penalty.com.ar','federico.nachmann@penalty.com.ar','activa',6,'2021-10-07 03:14:05','2021-10-07 03:14:05',NULL),(272,'Aprobado por gerencia','Tenes un anticipo de gasto','7/10/2021 0:14:05',NULL,'/vista/rendicion/Km','cristian.rios@penalty.com.ar','sandra.martinez@penalty.com.ar','inactiva',6,'2021-10-07 03:14:05','2021-10-12 13:02:45',NULL),(273,'Aprobado por gerencia','Tenes un anticipo de gasto','7/10/2021 0:14:05',NULL,'/vista/rendicion/Km','cristian.rios@penalty.com.ar','irberlys.mirabal@penalty.com.ar','activa',6,'2021-10-07 03:14:05','2021-10-07 03:14:05',NULL),(274,'','Resolucion de  anticipo de gasto','7/10/2021 15:38:20',NULL,'/estado/usuario','cristian.rios@penalty.com.ar','diego.salini@penalty.com.ar','activa',6,'2021-10-07 18:38:21','2021-10-07 18:38:21',NULL),(275,'Aprobado por gerencia','Tenes un anticipo de gasto','7/10/2021 15:38:20',NULL,'/vista/rendicion/gasto','cristian.rios@penalty.com.ar','sandra.martinez@penalty.com.ar','inactiva',6,'2021-10-07 18:38:21','2021-10-12 13:02:40',NULL),(276,'Aprobado por gerencia','Tenes un anticipo de gasto','7/10/2021 15:38:20',NULL,'/vista/rendicion/gasto','cristian.rios@penalty.com.ar','irberlys.mirabal@penalty.com.ar','activa',6,'2021-10-07 18:38:21','2021-10-07 18:38:21',NULL),(277,'Diego, poner efectivo en los próximos. T','Resolucion de  anticipo de gasto','7/10/2021 15:39:08',NULL,'/estado/usuario','cristian.rios@penalty.com.ar','diego.salini@penalty.com.ar','activa',6,'2021-10-07 18:39:09','2021-10-07 18:39:09',NULL),(278,'Aprobado por gerencia','Tenes un anticipo de gasto','7/10/2021 15:39:08',NULL,'/vista/rendicion/gasto','cristian.rios@penalty.com.ar','sandra.martinez@penalty.com.ar','inactiva',6,'2021-10-07 18:39:09','2021-10-12 13:02:36',NULL),(279,'Aprobado por gerencia','Tenes un anticipo de gasto','7/10/2021 15:39:08',NULL,'/vista/rendicion/gasto','cristian.rios@penalty.com.ar','irberlys.mirabal@penalty.com.ar','activa',6,'2021-10-07 18:39:09','2021-10-07 18:39:09',NULL),(280,'','Resolucion de  anticipo de gasto','7/10/2021 15:39:29',NULL,'/estado/usuario','cristian.rios@penalty.com.ar','diego.salini@penalty.com.ar','activa',6,'2021-10-07 18:39:29','2021-10-07 18:39:29',NULL),(281,'Aprobado por gerencia','Tenes un anticipo de gasto','7/10/2021 15:39:29',NULL,'/vista/rendicion/gasto','cristian.rios@penalty.com.ar','sandra.martinez@penalty.com.ar','inactiva',6,'2021-10-07 18:39:29','2021-10-12 13:02:33',NULL),(282,'Aprobado por gerencia','Tenes un anticipo de gasto','7/10/2021 15:39:29',NULL,'/vista/rendicion/gasto','cristian.rios@penalty.com.ar','irberlys.mirabal@penalty.com.ar','activa',6,'2021-10-07 18:39:29','2021-10-07 18:39:29',NULL),(283,'','Tenes una aprobacion final','7/10/2021 17:32:38','Cristian  De Sousa','/aprobacion/km','cristian.desousa@penalty.com.ar','cristian.rios@penalty.com.ar','activa',8,'2021-10-07 20:32:19','2021-10-07 20:32:19',NULL),(284,'oki','Tenes un anticipo de Sueldo','8/10/2021 4:40:37','Bryan Ramirez','/aprobacion/sueldo','bryan.ramirez@penaltyarg.com.ar','esteban@penalty.com.ar','inactiva',1,'2021-10-08 07:39:47','2021-10-08 07:44:59',NULL),(285,'','Tenes una aprobacion final','8/10/2021 4:46:00','Esteban Ramos Santos','/aprobacion/sueldo','esteban@penalty.com.ar','cristian.rios@penalty.com.ar','inactiva',26,'2021-10-08 07:45:10','2021-10-08 07:47:50',NULL),(286,'','Resolucion de  anticipo de Sueldo ','8/10/2021 4:48:51','Cristian  Rios','/estado/usuario','cristian.rios@penalty.com.ar','bryan.ramirez@penaltyarg.com.ar','inactiva',27,'2021-10-08 07:48:01','2021-10-08 07:49:07',NULL),(287,'Aprobado por gerencia','Tenes un anticipo de Sueldo','8/10/2021 4:48:51','Cristian  Rios','/pagos/anticipo','cristian.rios@penalty.com.ar','natalia.ocampo@penaltyarg.com.ar','inactiva',27,'2021-10-08 07:48:01','2021-10-08 07:56:32',NULL),(288,'','Resolucion de  anticipo de km','12/10/2021 9:49:20',NULL,'/estado/usuario','cristian.rios@penalty.com.ar','guillermo.muradian@penalty.com.ar','activa',6,'2021-10-12 12:49:31','2021-10-12 12:49:31',NULL),(289,'Aprobado por gerencia','Tenes un anticipo de gasto','12/10/2021 9:49:20',NULL,'/vista/rendicion/Km','cristian.rios@penalty.com.ar','sandra.martinez@penalty.com.ar','inactiva',6,'2021-10-12 12:49:31','2021-10-12 13:02:25',NULL),(290,'Aprobado por gerencia','Tenes un anticipo de gasto','12/10/2021 9:49:20',NULL,'/vista/rendicion/Km','cristian.rios@penalty.com.ar','irberlys.mirabal@penalty.com.ar','activa',6,'2021-10-12 12:49:31','2021-10-12 12:49:31',NULL),(291,'Se cargo el numero de orden y pdf provee','Tenes un aprobacion de gasto','12/10/2021 11:16:59','Irberlys  Mirabal','/pagos/gasto','irberlys.mirabal@penalty.com.ar','natalia.ocampo@penalty.com.ar','activa',14,'2021-10-12 14:17:29','2021-10-12 14:17:29',NULL),(292,'Se cargo el numero de orden y pdf provee','Tenes un aprobacion de gasto','12/10/2021 11:17:30','Irberlys  Mirabal','/pagos/gasto','irberlys.mirabal@penalty.com.ar','natalia.ocampo@penalty.com.ar','activa',14,'2021-10-12 14:18:04','2021-10-12 14:18:04',NULL),(293,'Se cargo el numero de orden y pdf provee','Tenes un aprobacion de gasto','12/10/2021 11:18:09','Irberlys  Mirabal','/pagos/gasto','irberlys.mirabal@penalty.com.ar','natalia.ocampo@penalty.com.ar','activa',14,'2021-10-12 14:18:50','2021-10-12 14:18:50',NULL),(294,'Se cargo el numero de orden y pdf provee','Tenes un aprobacion de gasto','12/10/2021 11:18:51','Irberlys  Mirabal','/pagos/gasto','irberlys.mirabal@penalty.com.ar','natalia.ocampo@penalty.com.ar','activa',14,'2021-10-12 14:19:32','2021-10-12 14:19:32',NULL),(295,'Se cargo el numero de orden y pdf provee','Tenes un aprobacion de gasto','12/10/2021 12:29:38','Irberlys  Mirabal','/pagos/km','irberlys.mirabal@penalty.com.ar','natalia.ocampo@penalty.com.ar','activa',14,'2021-10-12 15:31:31','2021-10-12 15:31:31',NULL),(296,'Se cargo el numero de orden y pdf provee','Tenes un aprobacion de gasto','12/10/2021 12:31:36','Irberlys  Mirabal','/pagos/km','irberlys.mirabal@penalty.com.ar','natalia.ocampo@penalty.com.ar','activa',14,'2021-10-12 15:32:07','2021-10-12 15:32:07',NULL),(297,'Se cargo el numero de orden y pdf provee','Tenes un aprobacion de gasto','12/10/2021 12:32:08','Irberlys  Mirabal','/pagos/km','irberlys.mirabal@penalty.com.ar','natalia.ocampo@penalty.com.ar','activa',14,'2021-10-12 15:32:53','2021-10-12 15:32:53',NULL),(298,'Se cargo el numero de orden y pdf provee','Tenes un aprobacion de gasto','12/10/2021 12:32:54','Irberlys  Mirabal','/pagos/km','irberlys.mirabal@penalty.com.ar','natalia.ocampo@penalty.com.ar','activa',14,'2021-10-12 15:33:58','2021-10-12 15:33:58',NULL),(299,'Se cargo el numero de orden y pdf provee','Tenes un aprobacion de gasto','12/10/2021 12:34:03','Irberlys  Mirabal','/pagos/km','irberlys.mirabal@penalty.com.ar','natalia.ocampo@penalty.com.ar','activa',14,'2021-10-12 15:34:31','2021-10-12 15:34:31',NULL),(300,'Se cargo el numero de orden y pdf provee','Tenes un aprobacion de gasto','12/10/2021 12:34:32','Irberlys  Mirabal','/pagos/km','irberlys.mirabal@penalty.com.ar','natalia.ocampo@penalty.com.ar','inactiva',14,'2021-10-12 15:35:06','2021-10-12 17:07:42',NULL),(301,'Se visiualizaran en la descripcion','Tenes un Rendicion de Kilometro','12/10/2021 17:32:24','Bryan Ramirez','/aprobacion/km','bryan.ramirez@penaltyarg.com.ar','esteban@penalty.com.ar','inactiva',1,'2021-10-12 20:32:07','2021-10-12 21:01:18',NULL),(302,'Se visiualizaran en la descripcion','Tenes un Rendicion de Kilometro','12/10/2021 17:34:40','Bryan Ramirez','/aprobacion/km','bryan.ramirez@penaltyarg.com.ar','esteban@penalty.com.ar','inactiva',1,'2021-10-12 20:34:23','2021-10-13 20:46:03',NULL),(303,'Se visiualizaran en la descripcion','Tenes un Rendicion de Kilometro','12/10/2021 17:36:45','Bryan Ramirez','/aprobacion/km','bryan.ramirez@penaltyarg.com.ar','esteban@penalty.com.ar','inactiva',1,'2021-10-12 20:36:29','2021-10-13 20:46:02',NULL),(304,'Se visiualizaran en la descripcion','Tenes un Rendicion de Kilometro','12/10/2021 17:37:35','Bryan Ramirez','/aprobacion/km','bryan.ramirez@penaltyarg.com.ar','esteban@penalty.com.ar','inactiva',1,'2021-10-12 20:37:19','2021-10-12 21:01:44',NULL),(305,'Se visiualizaran en la descripcion','Tenes un Rendicion de Kilometro','12/10/2021 17:43:03','Bryan Ramirez','/aprobacion/km','bryan.ramirez@penaltyarg.com.ar','esteban@penalty.com.ar','inactiva',1,'2021-10-12 20:42:46','2021-10-12 21:01:35',NULL),(306,'Se visiualizaran en la descripcion','Tenes un Rendicion de Kilometro','12/10/2021 17:45:11','Bryan Ramirez','/aprobacion/km','bryan.ramirez@penaltyarg.com.ar','esteban@penalty.com.ar','inactiva',1,'2021-10-12 20:44:54','2021-10-13 20:45:53',NULL),(307,'dasdasdasdasd','Tenes un anticipo de Sueldo','12/10/2021 22:54:51','Esteban Ramos Santos','/aprobacion/sueldo','esteban@penalty.com.ar','esteban@penalty.com.ar','inactiva',26,'2021-10-13 01:54:36','2021-10-13 20:45:44',NULL),(308,'Rendiciones finalizadas','Tenes una operacion de  Gasto ','14/10/2021 16:52:29','Cristian  De Sousa','/aprobacion/gastos','cristian.desousa@penalty.com.ar','cristian.desousa@penalty.com.ar','activa',8,'2021-10-14 19:52:29','2021-10-14 19:52:29',NULL),(309,'Rendiciones finalizadas','Tenes una operacion de  Gasto ','14/10/2021 16:52:36','Cristian  De Sousa','/aprobacion/gastos','cristian.desousa@penalty.com.ar','cristian.desousa@penalty.com.ar','activa',8,'2021-10-14 19:52:36','2021-10-14 19:52:36',NULL),(310,'','Tenes una aprobacion final','14/10/2021 16:53:01','Cristian  De Sousa','/aprobacion/gastos','cristian.desousa@penalty.com.ar','cristian.rios@penalty.com.ar','activa',8,'2021-10-14 19:53:01','2021-10-14 19:53:01',NULL),(311,'','Tenes una aprobacion final','14/10/2021 16:53:03','Cristian  De Sousa','/aprobacion/gastos','cristian.desousa@penalty.com.ar','cristian.rios@penalty.com.ar','activa',8,'2021-10-14 19:53:03','2021-10-14 19:53:03',NULL),(312,'','Resolucion de  anticipo de gasto','14/10/2021 16:58:02',NULL,'/estado/usuario','cristian.rios@penalty.com.ar','cristian.desousa@penalty.com.ar','activa',6,'2021-10-14 19:58:02','2021-10-14 19:58:02',NULL),(313,'Aprobado por gerencia','Tenes un anticipo de gasto','14/10/2021 16:58:02',NULL,'/vista/rendicion/gasto','cristian.rios@penalty.com.ar','sandra.martinez@penalty.com.ar','inactiva',6,'2021-10-14 19:58:02','2021-10-15 16:53:15',NULL),(314,'Aprobado por gerencia','Tenes un anticipo de gasto','14/10/2021 16:58:02',NULL,'/vista/rendicion/gasto','cristian.rios@penalty.com.ar','irberlys.mirabal@penalty.com.ar','activa',6,'2021-10-14 19:58:02','2021-10-14 19:58:02',NULL),(315,'','Resolucion de  anticipo de gasto','14/10/2021 16:58:04',NULL,'/estado/usuario','cristian.rios@penalty.com.ar','cristian.desousa@penalty.com.ar','activa',6,'2021-10-14 19:58:05','2021-10-14 19:58:05',NULL),(316,'Aprobado por gerencia','Tenes un anticipo de gasto','14/10/2021 16:58:04',NULL,'/vista/rendicion/gasto','cristian.rios@penalty.com.ar','sandra.martinez@penalty.com.ar','inactiva',6,'2021-10-14 19:58:05','2021-10-25 13:42:25',NULL),(317,'Aprobado por gerencia','Tenes un anticipo de gasto','14/10/2021 16:58:04',NULL,'/vista/rendicion/gasto','cristian.rios@penalty.com.ar','irberlys.mirabal@penalty.com.ar','activa',6,'2021-10-14 19:58:05','2021-10-14 19:58:05',NULL),(318,'sdfsdfsdfsdfsd','Tenes un anticipo de Sueldo','15/10/2021 13:11:12','Bryan Ramirez','/aprobacion/sueldo','bryan.ramirez@penaltyarg.com.ar','esteban@penalty.com.ar','inactiva',1,'2021-10-15 16:10:25','2021-10-15 17:10:17',NULL),(319,'dddddd','Tenes un anticipo de Gasto','15/10/2021 13:18:47','Bryan Ramirez','/aprobacion/gastos','bryan.ramirez@penaltyarg.com.ar','esteban@penalty.com.ar','inactiva',1,'2021-10-15 16:18:00','2021-10-15 17:10:19',NULL),(320,'ddddddd','Tenes un anticipo de Gasto','15/10/2021 13:19:52','Bryan Ramirez','/aprobacion/gastos','bryan.ramirez@penaltyarg.com.ar','esteban@penalty.com.ar','inactiva',1,'2021-10-15 16:19:05','2021-10-15 17:10:21',NULL),(321,'dddsadasdaswewdsa','Tenes un anticipo de Gasto','15/10/2021 13:20:50','Bryan Ramirez','/aprobacion/gastos','bryan.ramirez@penaltyarg.com.ar','esteban@penalty.com.ar','inactiva',1,'2021-10-15 16:20:03','2021-10-15 17:10:21',NULL),(322,'gg','Tenes un anticipo de Gasto','15/10/2021 13:22:02','Bryan Ramirez','/aprobacion/gastos','bryan.ramirez@penaltyarg.com.ar','esteban@penalty.com.ar','inactiva',1,'2021-10-15 16:21:16','2021-10-15 17:10:21',NULL),(323,'fghj','Tenes un anticipo de Gasto','15/10/2021 13:24:31','Bryan Ramirez','/aprobacion/gastos','bryan.ramirez@penaltyarg.com.ar','esteban@penalty.com.ar','inactiva',1,'2021-10-15 16:23:44','2021-10-15 17:10:22',NULL),(324,'jhjkhjkhjkh','Tenes un anticipo de Gasto','15/10/2021 13:27:49','Bryan Ramirez','/aprobacion/gastos','bryan.ramirez@penaltyarg.com.ar','esteban@penalty.com.ar','inactiva',1,'2021-10-15 16:27:03','2021-10-15 17:10:24',NULL),(325,'hjkjjkhjkhjkhjkhkjhjk','Tenes un anticipo de Gasto','15/10/2021 13:28:46','Bryan Ramirez','/aprobacion/gastos','bryan.ramirez@penaltyarg.com.ar','esteban@penalty.com.ar','inactiva',1,'2021-10-15 16:27:59','2021-10-15 17:10:25',NULL),(326,'dasdasdasd','Tenes un anticipo de Gasto','15/10/2021 13:29:48','Bryan Ramirez','/aprobacion/gastos','bryan.ramirez@penaltyarg.com.ar','esteban@penalty.com.ar','inactiva',1,'2021-10-15 16:29:02','2021-10-15 17:10:25',NULL),(327,'kljljlkjiljlkjkljkljkljkljlkjkljlkjlkjkl','Tenes un anticipo de Gasto','15/10/2021 13:32:33','Bryan Ramirez','/aprobacion/gastos','bryan.ramirez@penaltyarg.com.ar','esteban@penalty.com.ar','inactiva',1,'2021-10-15 16:31:46','2021-10-15 17:10:26',NULL),(328,'asdasdasdasdasdasdas','Tenes un anticipo de Gasto','15/10/2021 13:38:00','Bryan Ramirez','/aprobacion/gastos','bryan.ramirez@penaltyarg.com.ar','esteban@penalty.com.ar','inactiva',1,'2021-10-15 16:37:13','2021-10-15 17:10:26',NULL),(329,'sadsadsadasdsada','Tenes un anticipo de Gasto','15/10/2021 13:39:26','Bryan Ramirez','/aprobacion/gastos','bryan.ramirez@penaltyarg.com.ar','esteban@penalty.com.ar','inactiva',1,'2021-10-15 16:38:40','2021-10-15 17:10:28',NULL),(330,'','Tenes solicitud de vacaciones','18/10/2021 9:54:16','Belen  Gangitano','/aprobacion/vacaciones','belen.gangitano@penalty.com.ar','cristian.desousa@penalty.com.ar','inactiva',17,'2021-10-18 12:54:16','2021-10-18 13:16:47',NULL),(331,'dassdasdsadas','Tenes un anticipo de Gasto','18/10/2021 11:12:51','Esteban Ramos Santos','/aprobacion/gastos','esteban@penalty.com.ar','esteban@penalty.com.ar','inactiva',26,'2021-10-18 14:12:51','2021-10-22 15:11:07',NULL),(332,'Se visiualizaran en la descripcion','Tenes un Rendicion de Kilometro','18/10/2021 13:51:53','Esteban Ramos Santos','/aprobacion/km','esteban@penalty.com.ar','esteban@penalty.com.ar','inactiva',26,'2021-10-18 16:51:53','2021-10-22 15:11:04',NULL),(333,'Se visiualizaran en la descripcion','Tenes un Rendicion de Kilometro','18/10/2021 13:58:27','Esteban Ramos Santos','/aprobacion/km','esteban@penalty.com.ar','esteban@penalty.com.ar','inactiva',26,'2021-10-18 16:58:27','2021-10-18 17:06:09',NULL),(334,'cris , solicito si es posible tomarme lo','Tenes solicitud de vacaciones','19/10/2021 14:05:56','Santiago Bossio','/aprobacion/vacaciones','santiago.bossio@penalty.com.ar','cristian.desousa@penalty.com.ar','activa',22,'2021-10-19 17:05:56','2021-10-19 17:05:56',NULL),(335,'','Tenes un anticipo de Gasto','19/10/2021 14:31:04','Cristian  De Sousa','/aprobacion/gastos','cristian.desousa@penalty.com.ar','cristian.desousa@penalty.com.ar','activa',8,'2021-10-19 17:31:04','2021-10-19 17:31:04',NULL),(336,NULL,'Tenes un anticipo de Gasto','19/10/2021 14:32:20','Cristian  De Sousa','/aprobacion/gastos','cristian.desousa@penalty.com.ar','cristian.desousa@penalty.com.ar','activa',8,'2021-10-19 17:32:19','2021-10-19 17:32:19',NULL),(337,'','Tenes una aprobacion final','19/10/2021 14:32:31','Cristian  De Sousa','/aprobacion/gastos','cristian.desousa@penalty.com.ar','cristian.rios@penalty.com.ar','activa',8,'2021-10-19 17:32:31','2021-10-19 17:32:31',NULL),(338,'','Tenes una aprobacion final','19/10/2021 14:32:34','Cristian  De Sousa','/aprobacion/gastos','cristian.desousa@penalty.com.ar','cristian.rios@penalty.com.ar','activa',8,'2021-10-19 17:32:34','2021-10-19 17:32:34',NULL),(339,'','Tenes una aprobacion final','19/10/2021 14:32:52','Cristian  De Sousa','/aprobacion/vacaciones','cristian.desousa@penalty.com.ar','cristian.rios@penalty.com.ar','activa',8,'2021-10-19 17:32:52','2021-10-19 17:32:52',NULL),(340,'','Resolucion de  anticipo de gasto','19/10/2021 14:33:46',NULL,'/estado/usuario','cristian.rios@penalty.com.ar','cristian.desousa@penalty.com.ar','activa',6,'2021-10-19 17:33:45','2021-10-19 17:33:45',NULL),(341,'Aprobado por gerencia','Tenes un anticipo de gasto a pagar','19/10/2021 14:33:46',NULL,'/pagos/gasto','cristian.rios@penalty.com.ar','natalia.ocampo@penalty.com.ar','activa',6,'2021-10-19 17:33:45','2021-10-19 17:33:45',NULL),(342,'','Resolucion de  anticipo de gasto','19/10/2021 14:33:48',NULL,'/estado/usuario','cristian.rios@penalty.com.ar','cristian.desousa@penalty.com.ar','activa',6,'2021-10-19 17:33:48','2021-10-19 17:33:48',NULL),(343,'Aprobado por gerencia','Tenes un anticipo de gasto a pagar','19/10/2021 14:33:48',NULL,'/pagos/gasto','cristian.rios@penalty.com.ar','natalia.ocampo@penalty.com.ar','activa',6,'2021-10-19 17:33:48','2021-10-19 17:33:48',NULL),(345,'','Resolucion  de tus  vacaciones','20/10/2021 11:44:40',NULL,'/estado/usuario','cristian.rios@penalty.com.ar','santiago.bossio@penalty.com.ar','activa',6,'2021-10-20 14:44:40','2021-10-20 14:44:40',NULL),(346,'Se visiualizaran en la descripcion','Tenes un Rendicion de Kilometro','20/10/2021 14:35:03','Federico Enrique Nachmann','/aprobacion/km','federico.nachmann@penalty.com.ar','cristian.desousa@penalty.com.ar','activa',15,'2021-10-20 17:35:03','2021-10-20 17:35:03',NULL),(465,'proceso pendiente','Tenes un recibo provisorio','21/10/2021 2:02:38','usuario42204220','/lista/recibo','4220@penalty.com.ar','mariela.rossetti@penalty.com.ar','activa',26,'2021-10-21 05:02:54','2021-10-21 05:02:54',NULL),(466,'proceso pendiente','Tenes un recibo provisorio','21/10/2021 2:02:38','usuario42204220','/lista/recibo','4220@penalty.com.ar','marisa.canale@penalty.com.ar','activa',26,'2021-10-21 05:02:55','2021-10-21 05:02:55',NULL),(467,'proceso pendiente','Tenes un recibo provisorio','21/10/2021 2:02:38','usuario42204220','/lista/recibo','4220@penalty.com.ar','907@penalty.com.ar','inactiva',26,'2021-10-21 05:02:55','2021-10-24 20:49:31',NULL),(469,'proceso pendiente','Tenes un recibo provisorio','24/10/2021 17:12:06','undefinedundefined','/lista/recibo',NULL,'mariela.rossetti@penalty.com.ar','activa',NULL,'2021-10-24 20:11:48','2021-10-24 20:11:48',NULL),(470,'proceso pendiente','Tenes un recibo provisorio','24/10/2021 17:12:06','undefinedundefined','/lista/recibo',NULL,'marisa.canale@penalty.com.ar','activa',NULL,'2021-10-24 20:11:48','2021-10-24 20:11:48',NULL),(471,'proceso pendiente','Tenes un recibo provisorio','24/10/2021 17:12:06','undefinedundefined','/lista/recibo',NULL,'907@penalty.com.ar','inactiva',NULL,'2021-10-24 20:11:48','2021-10-24 20:48:51',NULL),(475,'','Tenes una aprobacion final','25/10/2021 10:06:55','Cristian  De Sousa','/aprobacion/vacaciones','cristian.desousa@penalty.com.ar','cristian.rios@penalty.com.ar','activa',8,'2021-10-25 13:06:51','2021-10-25 13:06:51',NULL),(476,'','Tenes una aprobacion final','25/10/2021 10:07:23','Cristian  De Sousa','/aprobacion/km','cristian.desousa@penalty.com.ar','cristian.rios@penalty.com.ar','activa',8,'2021-10-25 13:07:19','2021-10-25 13:07:19',NULL),(478,'','Tenes una aprobacion final','25/10/2021 17:01:33','Cristian  De Sousa','/aprobacion/vacaciones','cristian.desousa@penalty.com.ar','cristian.rios@penalty.com.ar','activa',8,'2021-10-25 20:01:33','2021-10-25 20:01:33',NULL),(479,'Se cargo el numero de orden y pdf provee','Tenes un aprobacion de gasto','26/10/2021 12:10:39','Irberlys  Mirabal','/pagos/gasto','irberlys.mirabal@penalty.com.ar','natalia.ocampo@penalty.com.ar','activa',14,'2021-10-26 15:11:14','2021-10-26 15:11:14',NULL),(480,'Se cargo el numero de orden y pdf provee','Tenes un aprobacion de gasto','26/10/2021 12:10:39','Irberlys  Mirabal','/pagos/gasto','irberlys.mirabal@penalty.com.ar','906@penalty.com.ar','activa',14,'2021-10-26 15:11:14','2021-10-26 15:11:14',NULL),(481,'Se cargo el numero de orden y pdf provee','Tenes un aprobacion de gasto','26/10/2021 12:11:15','Irberlys  Mirabal','/pagos/gasto','irberlys.mirabal@penalty.com.ar','natalia.ocampo@penalty.com.ar','activa',14,'2021-10-26 15:11:57','2021-10-26 15:11:57',NULL),(482,'Se cargo el numero de orden y pdf provee','Tenes un aprobacion de gasto','26/10/2021 12:11:15','Irberlys  Mirabal','/pagos/gasto','irberlys.mirabal@penalty.com.ar','906@penalty.com.ar','activa',14,'2021-10-26 15:11:57','2021-10-26 15:11:57',NULL);
/*!40000 ALTER TABLE `alertas` ENABLE KEYS */;
UNLOCK TABLES;

--
-- Table structure for table `anticipos`
--

DROP TABLE IF EXISTS `anticipos`;
/*!40101 SET @saved_cs_client     = @@character_set_client */;
/*!40101 SET character_set_client = utf8 */;
CREATE TABLE `anticipos` (
  `id` int(11) NOT NULL AUTO_INCREMENT,
  `sueldo` varchar(45) DEFAULT NULL,
  `cuotas` int(11) DEFAULT NULL,
  `importe` decimal(10,0) DEFAULT NULL,
  `fecha` varchar(45) DEFAULT NULL,
  `finpago` varchar(45) DEFAULT NULL,
  `estado` varchar(45) DEFAULT NULL,
  `respMensaje` varchar(45) DEFAULT NULL,
  `mensaje` varchar(45) DEFAULT NULL,
  `usuarioId` int(11) DEFAULT NULL,
  `estadoFinal` varchar(10) DEFAULT NULL,
  `notificacion` varchar(45) DEFAULT NULL,
  `f` varchar(45) DEFAULT NULL,
  `listo` varchar(45) DEFAULT NULL,
  `procesoFinalizado` varchar(40) DEFAULT NULL,
  `pagoRealizado` varchar(2) DEFAULT NULL,
  `norden` varchar(10) DEFAULT NULL,
  `pdf` varchar(100) DEFAULT NULL,
  `pdfinal` varchar(100) DEFAULT NULL,
  `pdfpagoFinal` varchar(100) DEFAULT NULL,
  `fd` varchar(45) DEFAULT NULL,
  `createdAt` datetime DEFAULT NULL,
  `updatedAt` datetime DEFAULT NULL,
  `deletedAt` datetime DEFAULT NULL,
  PRIMARY KEY (`id`),
  KEY `usantId_idx` (`usuarioId`),
  CONSTRAINT `usantId` FOREIGN KEY (`usuarioId`) REFERENCES `usuarios` (`id`) ON DELETE NO ACTION ON UPDATE NO ACTION
) ENGINE=InnoDB AUTO_INCREMENT=63 DEFAULT CHARSET=utf8mb4;
/*!40101 SET character_set_client = @saved_cs_client */;

--
-- Dumping data for table `anticipos`
--

LOCK TABLES `anticipos` WRITE;
/*!40000 ALTER TABLE `anticipos` DISABLE KEYS */;
INSERT INTO `anticipos` VALUES (54,'Sueldo',4,3444,'24/8/2021',NULL,'aprobado','','4000',8,'aprobado','inactiva','24/8/2021 12:31:46','Si',NULL,NULL,NULL,NULL,NULL,NULL,'24/8/2021 17:39:39','2021-08-24 15:31:52','2021-08-24 20:39:40','2021-08-26 16:33:19'),(55,'Sueldo',1,20000,'25/8/2021',NULL,'aprobado','','Descuento Sueldo mes de Agosto',20,'aprobado','inactiva','25/8/2021 15:17:27','Si',NULL,'Si',NULL,NULL,'ANT DE SUELDO ALEJANDRO PEREZ 8-21-77bc3756d56.pdf','ANT DE SUELDO ALEJANDRO PEREZ 8-21-7bc3756d567.pdf','27/8/2021 10:16:55','2021-08-25 18:17:35','2021-10-05 13:33:13',NULL),(56,'Sueldo',3,50000,'2/9/2021',NULL,'rechazado','','pruebaa ',7,'rechazado','inactiva','2/9/2021 12:31:42',NULL,NULL,NULL,NULL,NULL,NULL,NULL,'8/9/2021 12:39:49','2021-09-02 15:32:04','2021-09-08 15:30:18','2021-09-08 15:30:26'),(57,'Sueldo',1,20000,'8/9/2021',NULL,'aprobado','',NULL,8,'aprobado','inactiva','8/9/2021 10:22:06','Si',NULL,'Si',NULL,NULL,'ANTICIPO DE SUELDO CRISTIAN DESOUSA-4277bc3756d.pdf','ANTICIPO DE SUELDO CRISTIAN DESOUSA-277bc3756d5.pdf','8/9/2021 10:33:41','2021-09-08 13:22:06','2021-10-05 13:32:24',NULL),(58,'Sueldo',3,15000,'17/9/2021',NULL,'rechazado','','Gracias!',10,'rechazado','inactiva','17/9/2021 12:02:12',NULL,NULL,NULL,NULL,NULL,NULL,NULL,'17/9/2021 15:41:23','2021-09-17 15:02:12','2021-09-17 18:41:25',NULL),(59,'Sueldo',1,25000,'17/9/2021',NULL,'aprobado','','',20,'aprobado','inactiva','17/9/2021 15:03:45','Si',NULL,'Si',NULL,NULL,'ANTICIPO DE SUELDO PEREZ-024277bc375.pdf','ANTICIPO DE SUELDO PEREZ-24277bc3756.pdf','20/9/2021 17:30:42','2021-09-17 18:03:46','2021-10-05 13:13:07',NULL),(60,'Sueldo',3,40000,'20/9/2021',NULL,'aprobado','','bueno eso, si se puede genial. gracias',10,'aprobado','inactiva','20/9/2021 12:42:33','Si',NULL,'Si',NULL,NULL,'ANTICIPO DE SUELDO MARISA CANALE-cb024277bc3.pdf','ANTICIPO DE SUELDO MARISA CANALE-b024277bc37.pdf','20/9/2021 14:47:39','2021-09-20 15:42:34','2021-10-05 13:12:06',NULL),(61,'Sueldo',1,5000,'27/9/2021',NULL,'aprobado','','Sería para descontar en el próximo sueldo el ',18,'aprobado','inactiva','27/9/2021 14:14:24','Si',NULL,'Si',NULL,NULL,'ANTICIPO DE SUELDO JESUS-79cb024277b.pdf','ANTICIPO DE SUELDO JESUS-9cb024277bc.pdf','27/9/2021 14:53:37','2021-09-27 17:14:24','2021-10-05 13:09:52',NULL),(62,'Sueldo',4,50000,'10/4/2021',NULL,'aprobado','','Solicito me anticipen de las comisiones $ 50.',19,'aprobado','inactiva','10/4/2021 8:40:14 a. m.','Si',NULL,'Si',NULL,NULL,'ANTICIPO DE SUELDO GUILLERMO MURADIAN 7-10-bc3756d5673.pdf','ANTICIPO DE SUELDO GUILLERMO MURADIAN 7-10-c3756d56738.pdf','7/10/2021 0:13:33','2021-10-04 11:40:35','2021-10-07 19:15:30',NULL);
/*!40000 ALTER TABLE `anticipos` ENABLE KEYS */;
UNLOCK TABLES;

--
-- Table structure for table `departamentos`
--

DROP TABLE IF EXISTS `departamentos`;
/*!40101 SET @saved_cs_client     = @@character_set_client */;
/*!40101 SET character_set_client = utf8 */;
CREATE TABLE `departamentos` (
  `id` int(11) NOT NULL AUTO_INCREMENT,
  `departamento` varchar(45) DEFAULT NULL,
  `gerenteId` int(11) DEFAULT NULL,
  `createdAt` datetime DEFAULT NULL,
  `updatedAt` datetime DEFAULT NULL,
  `deletedAT` datetime DEFAULT NULL,
  PRIMARY KEY (`id`)
) ENGINE=InnoDB AUTO_INCREMENT=6 DEFAULT CHARSET=utf8mb4;
/*!40101 SET character_set_client = @saved_cs_client */;

--
-- Dumping data for table `departamentos`
--

LOCK TABLES `departamentos` WRITE;
/*!40000 ALTER TABLE `departamentos` DISABLE KEYS */;
INSERT INTO `departamentos` VALUES (1,'Sistema',1,NULL,NULL,NULL),(2,'Logistica',1,NULL,NULL,NULL),(3,'Ventas',2,NULL,NULL,NULL),(4,'Marketing',2,NULL,NULL,NULL),(5,'Administracion',3,NULL,NULL,NULL);
/*!40000 ALTER TABLE `departamentos` ENABLE KEYS */;
UNLOCK TABLES;

--
-- Table structure for table `formapagos`
--

DROP TABLE IF EXISTS `formapagos`;
/*!40101 SET @saved_cs_client     = @@character_set_client */;
/*!40101 SET character_set_client = utf8 */;
CREATE TABLE `formapagos` (
  `id` int(11) NOT NULL AUTO_INCREMENT,
  `pago` varchar(200) DEFAULT NULL,
  `createdAt` datetime DEFAULT NULL,
  `updatedAt` datetime DEFAULT NULL,
  `deletedAt` datetime DEFAULT NULL,
  PRIMARY KEY (`id`)
) ENGINE=InnoDB AUTO_INCREMENT=5 DEFAULT CHARSET=utf8mb4;
/*!40101 SET character_set_client = @saved_cs_client */;

--
-- Dumping data for table `formapagos`
--

LOCK TABLES `formapagos` WRITE;
/*!40000 ALTER TABLE `formapagos` DISABLE KEYS */;
INSERT INTO `formapagos` VALUES (1,'Efectivo',NULL,NULL,NULL),(3,'Tarjeta de Debito',NULL,NULL,NULL),(4,'Tarjeta Recargable',NULL,NULL,NULL);
/*!40000 ALTER TABLE `formapagos` ENABLE KEYS */;
UNLOCK TABLES;

--
-- Table structure for table `gastos`
--

DROP TABLE IF EXISTS `gastos`;
/*!40101 SET @saved_cs_client     = @@character_set_client */;
/*!40101 SET character_set_client = utf8 */;
CREATE TABLE `gastos` (
  `id` int(11) NOT NULL AUTO_INCREMENT,
  `nota` varchar(200) DEFAULT NULL,
  `importe` float DEFAULT NULL,
  `importerendido` float DEFAULT NULL,
  `fecha` varchar(45) DEFAULT NULL,
  `usuarioId` int(11) DEFAULT NULL,
  `formapagoId` int(11) DEFAULT NULL,
  `estado` varchar(10) DEFAULT NULL,
  `estadoFinal` varchar(10) DEFAULT NULL,
  `notificacion` varchar(10) DEFAULT NULL,
  `listo` varchar(2) DEFAULT NULL,
  `sinAnticipo` varchar(45) DEFAULT NULL,
  `procesoFinalizado` varchar(10) DEFAULT NULL,
  `f` varchar(45) DEFAULT NULL,
  `aprobacion` varchar(2) DEFAULT NULL,
  `pagoRealizado` varchar(10) DEFAULT NULL,
  `norden` varchar(10) DEFAULT NULL,
  `pdf` varchar(100) DEFAULT NULL,
  `pdfinal` varchar(100) DEFAULT NULL,
  `pdfpagoFinal` varchar(100) DEFAULT NULL,
  `respMensaje` varchar(45) DEFAULT NULL,
  `fd` varchar(45) DEFAULT NULL,
  `createdAt` datetime DEFAULT NULL,
  `updatedAt` datetime DEFAULT NULL,
  `deletedAt` datetime DEFAULT NULL,
  PRIMARY KEY (`id`),
  KEY `uid_idx` (`usuarioId`),
  KEY `idPago_idx` (`formapagoId`),
  CONSTRAINT `formapagoId` FOREIGN KEY (`formapagoId`) REFERENCES `formapagos` (`id`) ON DELETE NO ACTION ON UPDATE NO ACTION,
  CONSTRAINT `usuId` FOREIGN KEY (`usuarioId`) REFERENCES `usuarios` (`id`) ON DELETE NO ACTION ON UPDATE NO ACTION
) ENGINE=InnoDB AUTO_INCREMENT=85 DEFAULT CHARSET=utf8mb4;
/*!40101 SET character_set_client = @saved_cs_client */;

--
-- Dumping data for table `gastos`
--

LOCK TABLES `gastos` WRITE;
/*!40000 ALTER TABLE `gastos` DISABLE KEYS */;
INSERT INTO `gastos` VALUES (49,'estacionamiento',650,650,'23/8/2021',15,1,'aprobado','aprobado','inactiva','Si','sin','Si','23/8/2021 10:18:13',NULL,'Si','67618','Sistema de Gestión Integral Ver 67618-30eceb6f119.pdf','PAGO OP 67618-054910f8891.pdf',NULL,'','23/8/2021 17:28:04','2021-08-23 13:18:14','2021-08-25 18:26:01',NULL),(50,'2 peajes de $58 c/u',116,116,'23/8/2021',15,1,'aprobado','aprobado','inactiva','Si','sin','Si','23/8/2021 10:19:47',NULL,'Si','67626','Sistema de Gestión Integral Ver 67626-999adde5749.pdf','VIATICOS NACHMANN OP 67626-c0cf49775af.pdf','OP 67626 DEF-0cf49775afd.pdf','Ojo que tarjeta de crédiito solo aplica para ','25/8/2021 15:41:27','2021-08-23 13:19:46','2021-08-28 00:45:37',NULL),(51,'undefined',9899,10199,'23/8/2021',1,1,'rechazado','rechazado','inactiva','Si','sin',NULL,'23/8/2021 19:00:47',NULL,NULL,NULL,NULL,NULL,NULL,'prueba','24/8/2021 11:10:06','2021-08-23 22:00:48','2021-08-24 14:01:07','2021-08-26 12:06:15'),(52,'hgf',7878,7878,'23/8/2021',8,1,'pendiente','pendiente',NULL,NULL,'sin',NULL,'23/8/2021 19:02:51',NULL,NULL,NULL,NULL,NULL,NULL,NULL,NULL,'2021-08-23 22:02:53','2021-08-23 23:09:10',NULL),(53,'Peajes viaje a chivilcoy, y reuniones centro',810,1830,'23/8/2021',1,1,'aprobado','aprobado','inactiva','Si','sin','Si','23/8/2021 20:59:31',NULL,'Si','67625','Sistema de Gestión Integral Ver 67625-99adde5749c.pdf','VIATICOS RAMOS OP 67625-49c0cf49775.pdf','OP 67625 DEF-9c0cf49775a.pdf','','24/8/2021 17:40:14','2021-08-23 23:50:28','2021-08-28 00:44:37',NULL),(54,'test',5000,5055,'24/8/2021',1,1,'rechazado','rechazado','inactiva','Si','sin',NULL,'24/8/2021 11:10:30',NULL,NULL,NULL,NULL,NULL,NULL,'anulada por pruebas','24/8/2021 11:49:46','2021-08-24 14:01:31','2021-08-24 14:40:47','2021-08-26 12:06:20'),(55,'Uber!!!',1636,2750,'25/8/2021',7,1,'aprobado','aprobado','inactiva','Si','sin','Si','25/8/2021 11:07:29',NULL,'Si','67624','Sistema de Gestión Integral Ver 67624-9adde5749c0.pdf','PAGO VIATICOS BRYAN OP 67624-5749c0cf497.pdf','OP 67624 DEF-749c0cf4977.pdf','','25/8/2021 15:01:26','2021-08-25 13:30:12','2021-08-28 00:43:58',NULL),(57,'hotel rio',3150,75230,'26/8/2021',19,3,'aprobado','aprobado','inactiva','Si','sin','Si','26/8/2021 12:08:06',NULL,'Si','67686','Sistema de Gestión Integral Ver 67686-12bc99f8cfe.pdf','PAGO OP 67686-3bbe85ba586.pdf','OP 67686 DEF-bbe85ba586d.pdf','','2/9/2021 10:18:04','2021-08-26 15:08:06','2021-09-09 14:57:54',NULL),(58,'fxth',50,50,'26/8/2021',1,1,'pendiente','pendiente',NULL,'Si','sin',NULL,'26/8/2021 13:51:19',NULL,NULL,NULL,NULL,NULL,NULL,NULL,NULL,'2021-08-26 16:42:32','2021-08-26 16:51:06','2021-08-26 16:51:30'),(59,'Uber!! \njueves 26',1160,2767,'27/8/2021',7,1,'aprobado','aprobado','inactiva','Si','sin','Si','27/8/2021 14:18:17',NULL,'Si','67634 ','Sistema de Gestión Integral Ver 67634-cf49775afdf.pdf','PAGO BRYAN OP 67634-f49775afdf9.pdf','Sistema de Gestión Integral Ver 67634-49775afdf98.pdf','','30/8/2021 14:19:33','2021-08-27 17:18:27','2021-08-31 14:03:13',NULL),(60,'estacionamiento',237.5,911.63,'30/8/2021',22,1,'aprobado','aprobado','inactiva','Si','sin','Si','30/8/2021 16:42:01',NULL,'Si','67691','Sistema de Gestión Integral Ver 67691-e3e659f5274.pdf','PAGO OP 67691-cfe8ff3bbe8.pdf','OP 67691 DEF-fe8ff3bbe85.pdf','','2/9/2021 10:18:13','2021-08-30 19:42:04','2021-09-09 14:44:04',NULL),(61,'undefined',493.63,493.63,'30/8/2021',22,1,'aprobado','aprobado','inactiva','Si','sin','Si','30/8/2021 16:52:42',NULL,'Si','67688','Sistema de Gestión Integral Ver 67688-3e659f5274e.pdf','PAGO OP 67688-e8ff3bbe85b.pdf','OP 67688 DEF-8ff3bbe85ba.pdf','','2/9/2021 10:18:17','2021-08-30 19:52:44','2021-09-09 14:45:02',NULL),(62,'6/9 -gira a Misiones capital, interior e interior de Corrientes',65000,56886,'30/8/2021',19,3,'aprobado','aprobado','inactiva','Si',NULL,'Si','30/8/2021 18:08:56',NULL,'Si','67736','Sistema de Gestión Integral Ver 67736-73ed55f9a84.pdf','PAGO OP 67736-d49971de9c2.pdf','OP 67736 DEF-49971de9c20.pdf','','2/9/2021 10:18:11','2021-08-30 21:08:10','2021-09-21 20:07:35',NULL),(63,'SEGURO',9033,9033,'2/9/2021',22,1,'aprobado','aprobado','inactiva','Si','sin','Si','2/9/2021 11:54:52',NULL,'Si','67689','Sistema de Gestión Integral Ver 67689-659f5274ee8.pdf','PAGO OP 67689-ff3bbe85ba5.pdf','OP 67689 DEF-f3bbe85ba58.pdf','','8/9/2021 10:33:58','2021-09-02 14:54:54','2021-09-09 14:45:47',NULL),(64,'undefined',332.58,332.58,'2/9/2021',21,1,'aprobado','aprobado','inactiva','Si','sin','Si','2/9/2021 12:18:29',NULL,'Si','67710','Sistema de Gestión Integral Ver 67710-5ba586d2e73.pdf','PAGO OP 67710-86d2e73ed55.pdf','OP 67710 DEF-6d2e73ed55f.pdf','','10/9/2021 15:29:37','2021-09-02 15:18:45','2021-09-13 19:14:04',NULL),(65,'seguro del auto',11402,11402,'2/9/2021',21,1,'aprobado','aprobado','inactiva','Si','sin','Si','2/9/2021 13:06:22',NULL,'Si','67711','Sistema de Gestión Integral Ver 67711-ba586d2e73e.pdf','PAGO OP 67711-a586d2e73ed.pdf','OP 67711 DEF-586d2e73ed5.pdf','','10/9/2021 15:29:52','2021-09-02 16:06:43','2021-09-13 19:13:21',NULL),(66,'SEGURO',3155.02,3155.02,'2/9/2021',20,1,'aprobado','aprobado','inactiva','Si','sin','Si','2/9/2021 14:24:55',NULL,'Si','67768','Sistema de Gestión Integral Ver 67768-f9a844e76d4.pdf','PAGO OP 67768-76d49971de9.pdf','OP 67768 DEF-6d49971de9c.pdf','','17/9/2021 15:42:05','2021-09-02 17:25:02','2021-09-21 20:05:27',NULL),(67,'Solicito anticipo de gastos para realizar la gira por la ruta 5 y 7 , no es urgente. saludos!',30000,30000,'3/9/2021',22,1,'aprobado','aprobado','inactiva',NULL,NULL,NULL,'3/9/2021 14:21:31',NULL,'En curso',NULL,NULL,NULL,NULL,'','8/9/2021 10:34:42','2021-09-03 17:21:34','2021-09-09 14:42:47',NULL),(68,'Insumos para la oficina',2148,2148,'6/9/2021',6,1,'aprobado','aprobado','inactiva','Si','sin','Si','6/9/2021 1:17:28',NULL,'Si','67671','Sistema de Gestión Integral Ver 67671-4ae3e659f52.pdf','GTOS RIOS OP 64671-e8f512bc99f.pdf','OP 67671 DEF-8f512bc99f8.pdf','','6/9/2021 1:20:08','2021-09-06 04:17:30','2021-09-08 19:56:04',NULL),(69,'Cuota Autónomos 08/21',8285.94,8285.94,'6/9/2021',6,1,'aprobado','aprobado','inactiva','Si','sin','Si','6/9/2021 1:18:34',NULL,'Si','67672','Sistema de Gestión Integral Ver 67672-64ae3e659f5.pdf','PAGO AUTONOMOS RIOS OP 67672-f512bc99f8c.pdf','OP 67672 DEF-512bc99f8cf.pdf','','6/9/2021 1:20:20','2021-09-06 04:18:36','2021-09-08 19:56:52',NULL),(70,'Peajes chivilcoy',514,874,'8/9/2021',1,1,'aprobado','aprobado','inactiva','Si','sin','Si','8/9/2021 14:50:58',NULL,'Si','67765','Sistema de Gestión Integral Ver 67765-55f9a844e76.pdf','PAGO OP 67765-4e76d49971d.pdf','OP 67765 DEF-e76d49971de.pdf','','16/9/2021 14:17:01','2021-09-08 17:41:29','2021-09-21 20:03:41',NULL),(71,'Gastos de representación Emerson',10000,10000,'10/9/2021',6,1,'aprobado','aprobado','inactiva','Si','sin','Si','10/9/2021 15:29:12',NULL,'Si','67732','Sistema de Gestión Integral Ver 67732-e73ed55f9a8.pdf','Sistema de Gestión Integral Ver 67732-e73ed55f9a8-3ed55f9a844.pdf','Sistema de Gestión Integral Ver 67732-e73ed55f9a8-ed55f9a844e.pdf','','10/9/2021 15:29:54','2021-09-10 18:29:12','2021-09-15 20:52:28',NULL),(72,'undefined',637,1478,'13/9/2021',19,1,'aprobado','aprobado','inactiva','Si','sin','Si','13/9/2021 10:14:37',NULL,'Si','67766','Sistema de Gestión Integral Ver 67766-5f9a844e76d.pdf','PAGO OP 67766-844e76d4997.pdf','OP 67766 DEF-44e76d49971.pdf','','16/9/2021 13:38:29','2021-09-13 13:14:30','2021-09-21 20:02:51',NULL),(73,'undefined',637,637,'13/9/2021',19,1,'pendiente','pendiente',NULL,NULL,'sin',NULL,'13/9/2021 10:14:37',NULL,NULL,NULL,NULL,NULL,NULL,NULL,NULL,'2021-09-13 13:14:30','2021-09-13 13:14:30',NULL),(74,'Propina almuerzo con Emerson.',500,7190,'16/9/2021',6,1,'pendiente','pendiente',NULL,NULL,'sin',NULL,'16/9/2021 14:40:56',NULL,NULL,NULL,NULL,NULL,NULL,NULL,NULL,'2021-09-16 17:40:59','2021-09-16 17:53:49',NULL),(75,NULL,2329,2329,'19/10/2021',8,1,'aprobado','aprobado',NULL,'Si','sin','Si',NULL,NULL,'Si','67967','Sistema de Gestión Integral Ver 67967-0759f2c8044.pdf','PAGO OP 67967-0accace9711.pdf','OP 67967 DEF-accace97118.pdf','',NULL,'2021-10-19 17:31:04','2021-10-26 15:49:09',NULL),(76,NULL,940,940,'19/10/2021',8,1,'aprobado','aprobado',NULL,'Si','sin','Si',NULL,NULL,'Si','67966','Sistema de Gestión Integral Ver 67966-80759f2c804.pdf','PAGO OP 67966-870accace97.pdf','OP 67966 DEF-70accace971.pdf','',NULL,'2021-10-19 17:32:19','2021-10-26 15:48:38',NULL);
/*!40000 ALTER TABLE `gastos` ENABLE KEYS */;
UNLOCK TABLES;

--
-- Table structure for table `gerentes`
--

DROP TABLE IF EXISTS `gerentes`;
/*!40101 SET @saved_cs_client     = @@character_set_client */;
/*!40101 SET character_set_client = utf8 */;
CREATE TABLE `gerentes` (
  `id` int(11) NOT NULL AUTO_INCREMENT,
  `nombre` varchar(45) DEFAULT NULL,
  `apellido` varchar(45) DEFAULT NULL,
  `email` varchar(100) DEFAULT NULL,
  `createdAt` datetime DEFAULT NULL,
  `updatedAt` datetime DEFAULT NULL,
  `deletedAT` datetime DEFAULT NULL,
  PRIMARY KEY (`id`)
) ENGINE=InnoDB AUTO_INCREMENT=4 DEFAULT CHARSET=utf8mb4;
/*!40101 SET character_set_client = @saved_cs_client */;

--
-- Dumping data for table `gerentes`
--

LOCK TABLES `gerentes` WRITE;
/*!40000 ALTER TABLE `gerentes` DISABLE KEYS */;
INSERT INTO `gerentes` VALUES (1,'Esteban','Ramos','esteban@penalty.com.ar',NULL,NULL,NULL),(2,'Cristian','De Sousa','cristian.desousa@penalty.com.ar',NULL,NULL,NULL),(3,'Cristian','Rios','cristian.rios@penalty.com.ar',NULL,NULL,NULL);
/*!40000 ALTER TABLE `gerentes` ENABLE KEYS */;
UNLOCK TABLES;

--
-- Table structure for table `imagenes`
--

DROP TABLE IF EXISTS `imagenes`;
/*!40101 SET @saved_cs_client     = @@character_set_client */;
/*!40101 SET character_set_client = utf8 */;
CREATE TABLE `imagenes` (
  `id` int(11) NOT NULL AUTO_INCREMENT,
  `imagen` varchar(200) DEFAULT NULL,
  `createdAt` datetime DEFAULT NULL,
  `updateAt` datetime DEFAULT NULL,
  `deletedAt` datetime DEFAULT NULL,
  PRIMARY KEY (`id`)
) ENGINE=InnoDB DEFAULT CHARSET=utf8mb4;
/*!40101 SET character_set_client = @saved_cs_client */;

--
-- Dumping data for table `imagenes`
--

LOCK TABLES `imagenes` WRITE;
/*!40000 ALTER TABLE `imagenes` DISABLE KEYS */;
/*!40000 ALTER TABLE `imagenes` ENABLE KEYS */;
UNLOCK TABLES;

--
-- Table structure for table `kilometros`
--

DROP TABLE IF EXISTS `kilometros`;
/*!40101 SET @saved_cs_client     = @@character_set_client */;
/*!40101 SET character_set_client = utf8 */;
CREATE TABLE `kilometros` (
  `id` int(11) NOT NULL AUTO_INCREMENT,
  `imagen` varchar(100) DEFAULT NULL,
  `usuarioId` int(11) DEFAULT NULL,
  `kmTotal` float DEFAULT NULL,
  `importeTotal` float DEFAULT NULL,
  `listo` varchar(10) DEFAULT NULL,
  `estado` varchar(40) DEFAULT NULL,
  `estadoFinal` varchar(40) DEFAULT NULL,
  `respMensaje` varchar(45) DEFAULT NULL,
  `notificacion` varchar(45) DEFAULT NULL,
  `f` varchar(45) DEFAULT NULL,
  `procesoFinalizado` varchar(10) DEFAULT NULL,
  `procesoPagar` varchar(10) DEFAULT NULL,
  `norden` varchar(20) DEFAULT NULL,
  `pdf` varchar(100) DEFAULT NULL,
  `pdfinal` varchar(100) DEFAULT NULL,
  `pdfpagoFinal` varchar(100) DEFAULT NULL,
  `fd` varchar(45) DEFAULT NULL,
  `createdAt` datetime DEFAULT NULL,
  `updatedAt` datetime DEFAULT NULL,
  `deletedAt` datetime DEFAULT NULL,
  PRIMARY KEY (`id`),
  KEY `usuariokmId_idx` (`usuarioId`),
  CONSTRAINT `usuariokmId` FOREIGN KEY (`usuarioId`) REFERENCES `usuarios` (`id`) ON DELETE NO ACTION ON UPDATE NO ACTION
) ENGINE=InnoDB AUTO_INCREMENT=23 DEFAULT CHARSET=utf8mb4;
/*!40101 SET character_set_client = @saved_cs_client */;

--
-- Dumping data for table `kilometros`
--

LOCK TABLES `kilometros` WRITE;
/*!40000 ALTER TABLE `kilometros` DISABLE KEYS */;
INSERT INTO `kilometros` VALUES (4,'https://res.cloudinary.com/dtabhpdet/image/upload/v1629725184/grqhpi3viv3qebgktan4.jpg',15,171,3249,'Si','aprobado','aprobado','Aprobado. La imagen a subir es del cuenta kil','inactiva',NULL,'Si','Si','67619','Sistema de Gestión Integral Ver 67619-0eceb6f119b.pdf','PAGO OP 67619-54910f88913.pdf',NULL,'23/8/2021 17:27:19','2021-08-23 13:17:19','2021-08-25 18:26:58',NULL),(5,'https://res.cloudinary.com/dtabhpdet/image/upload/v1629762829/mwsq1ksnk7mtfjcsqwdy.jpg',1,405,7695,'Si','aprobado','aprobado','','inactiva',NULL,'Si','Si','67621','Sistema de Gestión Integral Ver 67621-0999adde574.pdf','VIATICOS RAMOS OP 67621-adde5749c0c.pdf','OP 67621 DEF-dde5749c0cf.pdf','24/8/2021 17:40:38','2021-08-23 23:44:46','2021-08-27 19:28:43',NULL),(6,'https://res.cloudinary.com/dtabhpdet/image/upload/v1630357705/iampk8fjnj6o8rxql7ly.jpg',19,3027,57513,'Si','aprobado','aprobado','','inactiva',NULL,'Si','Si','67687','Sistema de Gestión Integral Ver 67687-2bc99f8cfe8.pdf','PAGO OP 67687-be85ba586d2.pdf','OP 67687 DEF-e85ba586d2e.pdf','2/9/2021 10:19:12','2021-08-30 20:59:03','2021-09-09 15:00:41',NULL),(7,'https://res.cloudinary.com/dtabhpdet/image/upload/v1630597208/uc3jmlge7gzjmaungery.jpg',7,24,456,'Si','rechazado','rechazado','','inactiva',NULL,NULL,NULL,NULL,NULL,NULL,NULL,'8/9/2021 12:39:09','2021-09-02 15:31:02','2021-09-08 15:29:38','2021-09-08 15:29:43'),(8,'https://res.cloudinary.com/dtabhpdet/image/upload/v1630598018/ks5s2m5ui2yzeplzgg5m.jpg',22,693,13167,'Si','aprobado','aprobado','','inactiva',NULL,'Si','Si','67690','Sistema de Gestión Integral Ver 67690-f5274ee8f51.pdf','PAGO OP 67690-bc99f8cfe8f.pdf','OP 67690 DEF-c99f8cfe8ff.pdf','8/9/2021 10:35:11','2021-09-02 15:44:32','2021-09-09 14:40:18',NULL),(9,'https://res.cloudinary.com/dtabhpdet/image/upload/v1630600079/orzommpnaavetsqbn9eu.jpg',21,836,15884,'Si','aprobado','aprobado','','inactiva',NULL,'Si','Si','67692','Sistema de Gestión Integral Ver 67692-5274ee8f512.pdf','PAGO OP 67692-99f8cfe8ff3.pdf','OP 67692 DEF-9f8cfe8ff3b.pdf','8/9/2021 10:35:02','2021-09-02 16:18:54','2021-09-09 14:41:10',NULL),(10,'https://res.cloudinary.com/dtabhpdet/image/upload/v1630603656/rdwybq6jpkgqsysqk7jf.jpg',20,1003,19057,'Si','aprobado','aprobado','','inactiva',NULL,'Si','Si','67693','Sistema de Gestión Integral Ver 67693-74ee8f512bc.pdf','PAGO OP 67693-f8cfe8ff3bb.pdf','OP 67693 DEF-8cfe8ff3bbe.pdf','8/9/2021 10:35:04','2021-09-02 17:18:31','2021-09-09 14:42:00',NULL),(11,'https://res.cloudinary.com/dtabhpdet/image/upload/v1630902064/bbwdrvlonplkcgsgez5x.jpg',6,70,1330,'Si','aprobado','aprobado','','inactiva',NULL,'Si','Si','67673','Sistema de Gestión Integral Ver 67673-b64ae3e659f.pdf','PAGO VIATICOS RIOS OP 67673-4ee8f512bc9.pdf','OP 67673 DEF-ee8f512bc99.pdf','6/9/2021 1:11:50','2021-09-06 04:11:18','2021-09-08 19:54:30',NULL),(12,'https://res.cloudinary.com/dtabhpdet/image/upload/v1631281123/ndipicxgsbmtd2fmbrbf.jpg',15,99,1881,'Si','aprobado','aprobado','','inactiva',NULL,'Si','Si','67712','Sistema de Gestión Integral Ver 67712-85ba586d2e7.pdf','PAGO OP 67712-d2e73ed55f9.pdf','OP 67712 DEF-2e73ed55f9a.pdf','10/9/2021 15:26:46','2021-09-10 13:29:23','2021-09-13 19:16:09',NULL),(13,'https://res.cloudinary.com/dtabhpdet/image/upload/v1631812471/hvetadiv51cj6biisrsd.jpg',1,498,9534,NULL,'rechazado','rechazado','','inactiva',NULL,NULL,NULL,NULL,NULL,NULL,NULL,'16/9/2021 16:30:17','2021-09-16 17:15:09','2021-09-16 19:30:56',NULL),(14,'https://res.cloudinary.com/dtabhpdet/image/upload/v1631821122/cekqsdnrqrwulycdzbcp.jpg',1,498,9960,'Si','aprobado','aprobado','','inactiva',NULL,'Si','Si','67767','Sistema de Gestión Integral Ver 67767-d55f9a844e7.pdf','PAGO OP 67767-9a844e76d49.pdf','OP 67767 DEF-a844e76d499.pdf','17/9/2021 15:42:25','2021-09-16 19:39:21','2021-09-21 20:01:15',NULL),(15,'https://res.cloudinary.com/dtabhpdet/image/upload/v1631880814/u1h5pfwkdxzuuprtqgjx.jpg',15,62,1240,'Si','aprobado','aprobado','','inactiva',NULL,'Si','Si','67863','Sistema de Gestión Integral Ver 67863-d56738432b1.pdf','PAGO OP 67863-4836409ebc4.pdf','OP 67863 DEF-836409ebc4c.pdf','7/10/2021 0:14:05','2021-09-17 12:14:17','2021-10-13 14:05:11',NULL),(16,'https://res.cloudinary.com/dtabhpdet/image/upload/v1633093576/y5cspvuhsftd6a3yowew.jpg',21,836,16720,'Si','aprobado','aprobado','','inactiva',NULL,'Si','Si','67864','Sistema de Gestión Integral Ver 67864-56738432b16.pdf','PAGO OP 67864-36409ebc4c8.pdf','OP 67864 DEF-6409ebc4c8b.pdf','7/10/2021 0:13:56','2021-10-01 13:06:20','2021-10-13 14:06:06',NULL),(17,'https://res.cloudinary.com/dtabhpdet/image/upload/v1633298882/nadcbjqvbbznjyx8vg7l.jpg',6,622,12440,'Si','aprobado','aprobado','','inactiva',NULL,'Si','Si','67865','Sistema de Gestión Integral Ver 67865-6738432b16d.pdf','PAGO OP 67865-409ebc4c8b5.pdf','OP 67865 DEF-09ebc4c8b54.pdf','3/10/2021 19:08:36','2021-10-03 22:08:20','2021-10-13 14:07:02',NULL),(18,'https://res.cloudinary.com/dtabhpdet/image/upload/v1633355374/xdsitrrzfrumfj7vowfm.jpg',22,2213,44260,'Si','aprobado','aprobado','','inactiva',NULL,'Si','Si','67866','Sistema de Gestión Integral Ver 67866-738432b16d3.pdf','PAGO OP 67866-9ebc4c8b546.pdf','OP 67866 DEF-ebc4c8b5465.pdf','7/10/2021 0:13:54','2021-10-04 13:49:56','2021-10-13 14:08:04',NULL),(20,'https://res.cloudinary.com/dtabhpdet/image/upload/v1633398539/j0zvdwkzbljptkf2u6hq.jpg',20,846,16920,'Si','aprobado','aprobado','','inactiva',NULL,'Si','Si','67868','Sistema de Gestión Integral Ver 67868-38432b16d35.pdf','PAGO OP 67868-bc4c8b54652.pdf','OP 67868 DEF-c4c8b546522.pdf','7/10/2021 0:13:49','2021-10-05 01:49:24','2021-10-13 14:09:13',NULL),(21,'https://res.cloudinary.com/dtabhpdet/image/upload/v1633463974/op8kxbq3gzawznrdxquq.jpg',19,3226,64520,'Si','aprobado','aprobado','','inactiva',NULL,'Si','Si','67869','Sistema de Gestión Integral Ver 67869-8432b16d353.pdf','PAGO OP 67869-4c8b546522b.pdf','OP 67869 DEF-c8b546522bf.pdf','12/10/2021 9:49:20','2021-10-05 20:00:03','2021-10-13 14:10:20',NULL),(22,'https://res.cloudinary.com/dtabhpdet/image/upload/v1634751308/wjm4lmpph9rojscwli96.jpg',15,92,1840,'Si','aprobado','pendiente','',NULL,NULL,NULL,NULL,NULL,NULL,NULL,NULL,NULL,'2021-10-20 17:35:05','2021-10-25 13:07:19',NULL);
/*!40000 ALTER TABLE `kilometros` ENABLE KEYS */;
UNLOCK TABLES;

--
-- Table structure for table `preciokms`
--

DROP TABLE IF EXISTS `preciokms`;
/*!40101 SET @saved_cs_client     = @@character_set_client */;
/*!40101 SET character_set_client = utf8 */;
CREATE TABLE `preciokms` (
  `id` int(10) unsigned NOT NULL AUTO_INCREMENT,
  `precio` float DEFAULT NULL,
  `createdAt` datetime DEFAULT NULL,
  `updatedAt` datetime DEFAULT NULL,
  `deletedAt` datetime DEFAULT NULL,
  PRIMARY KEY (`id`)
) ENGINE=InnoDB AUTO_INCREMENT=2 DEFAULT CHARSET=utf8mb4;
/*!40101 SET character_set_client = @saved_cs_client */;

--
-- Dumping data for table `preciokms`
--

LOCK TABLES `preciokms` WRITE;
/*!40000 ALTER TABLE `preciokms` DISABLE KEYS */;
INSERT INTO `preciokms` VALUES (1,20,NULL,'2021-09-13 12:36:57',NULL);
/*!40000 ALTER TABLE `preciokms` ENABLE KEYS */;
UNLOCK TABLES;

--
-- Table structure for table `recibosingresos`
--

DROP TABLE IF EXISTS `recibosingresos`;
/*!40101 SET @saved_cs_client     = @@character_set_client */;
/*!40101 SET character_set_client = utf8 */;
CREATE TABLE `recibosingresos` (
  `id` int(11) NOT NULL AUTO_INCREMENT,
  `mpago` varchar(45) DEFAULT NULL,
  `cheque` varchar(45) DEFAULT NULL,
  `fecha` varchar(45) DEFAULT NULL,
  `importe` decimal(10,0) DEFAULT NULL,
  `numerorecibo` varchar(45) DEFAULT NULL,
  `nvendedor` int(11) DEFAULT NULL,
  `nombrecompleto` varchar(45) DEFAULT NULL,
  `ncomprobante` int(11) DEFAULT NULL,
  `razonsocial` varchar(45) DEFAULT NULL,
  `createdAt` datetime DEFAULT NULL,
  `updatedAt` datetime DEFAULT NULL,
  `deletedAt` datetime DEFAULT NULL,
  PRIMARY KEY (`id`)
) ENGINE=InnoDB AUTO_INCREMENT=12 DEFAULT CHARSET=utf8mb4;
/*!40101 SET character_set_client = @saved_cs_client */;

--
-- Dumping data for table `recibosingresos`
--

LOCK TABLES `recibosingresos` WRITE;
/*!40000 ALTER TABLE `recibosingresos` DISABLE KEYS */;
INSERT INTO `recibosingresos` VALUES (11,'Efectivo','','24/10/2021',90000,'34579fe2',74,'undefinedundefined',777777777,'Sports Family S.A.','2021-10-24 20:11:48','2021-10-24 20:57:52',NULL);
/*!40000 ALTER TABLE `recibosingresos` ENABLE KEYS */;
UNLOCK TABLES;

--
-- Table structure for table `recibosliquidaciones`
--

DROP TABLE IF EXISTS `recibosliquidaciones`;
/*!40101 SET @saved_cs_client     = @@character_set_client */;
/*!40101 SET character_set_client = utf8 */;
CREATE TABLE `recibosliquidaciones` (
  `id` int(11) NOT NULL AUTO_INCREMENT,
  `fecha` varchar(45) DEFAULT NULL,
  `factura` int(11) DEFAULT NULL,
  `comprobante` int(11) DEFAULT NULL,
  `importe` varchar(45) DEFAULT NULL,
  `numerorecibo` varchar(45) DEFAULT NULL,
  `nvendedor` int(11) DEFAULT NULL,
  `nombrecompleto` varchar(45) DEFAULT NULL,
  `cliente` varchar(45) DEFAULT NULL,
  `razonsocial` varchar(45) DEFAULT NULL,
  `ncomprobante` int(11) DEFAULT NULL,
  `fechavencimiento` varchar(45) DEFAULT NULL,
  `createdAt` datetime DEFAULT NULL,
  `updatedAt` datetime DEFAULT NULL,
  `deletedAt` datetime DEFAULT NULL,
  PRIMARY KEY (`id`)
) ENGINE=InnoDB AUTO_INCREMENT=5 DEFAULT CHARSET=utf8mb4;
/*!40101 SET character_set_client = @saved_cs_client */;

--
-- Dumping data for table `recibosliquidaciones`
--

LOCK TABLES `recibosliquidaciones` WRITE;
/*!40000 ALTER TABLE `recibosliquidaciones` DISABLE KEYS */;
INSERT INTO `recibosliquidaciones` VALUES (3,'2021-10-15',2100089210,25,'770','34579fe2',74,'undefinedundefined','00105','Sports Family S.A.',777777777,'2021-12-18','2021-10-24 20:11:48','2021-10-24 20:57:52',NULL),(4,'2021-10-15',2100089209,25,'77910.37','34579fe2',74,'undefinedundefined','00105','Sports Family S.A.',777777777,'2021-12-18','2021-10-24 20:11:48','2021-10-24 20:57:52',NULL);
/*!40000 ALTER TABLE `recibosliquidaciones` ENABLE KEYS */;
UNLOCK TABLES;

--
-- Table structure for table `rendiciones`
--

DROP TABLE IF EXISTS `rendiciones`;
/*!40101 SET @saved_cs_client     = @@character_set_client */;
/*!40101 SET character_set_client = utf8 */;
CREATE TABLE `rendiciones` (
  `id` int(11) NOT NULL AUTO_INCREMENT,
  `fecha` varchar(45) DEFAULT NULL,
  `nota` varchar(45) DEFAULT NULL,
  `gastoId` int(11) DEFAULT NULL,
  `importe` decimal(10,0) DEFAULT NULL,
  `archivo` varchar(200) DEFAULT NULL,
  `categoria` varchar(45) DEFAULT NULL,
  `createdAt` datetime DEFAULT NULL,
  `updatedAt` datetime DEFAULT NULL,
  `deletedAt` datetime DEFAULT NULL,
  PRIMARY KEY (`id`),
  KEY `idgasto_idx` (`gastoId`),
  CONSTRAINT `idgasto` FOREIGN KEY (`gastoId`) REFERENCES `gastos` (`id`) ON DELETE NO ACTION ON UPDATE NO ACTION
) ENGINE=InnoDB AUTO_INCREMENT=208 DEFAULT CHARSET=utf8mb4;
/*!40101 SET character_set_client = @saved_cs_client */;

--
-- Dumping data for table `rendiciones`
--

LOCK TABLES `rendiciones` WRITE;
/*!40000 ALTER TABLE `rendiciones` DISABLE KEYS */;
INSERT INTO `rendiciones` VALUES (58,'23/8/2021','estacionamiento',49,650,'https://res.cloudinary.com/dtabhpdet/image/upload/v1629725239/yuidllvgs7bk3xbqjk7x.jpg','Otros','2021-08-23 13:18:14','2021-08-23 13:18:14',NULL),(59,'23/8/2021','2 peajes de $58 c/u',50,116,'','Peajes','2021-08-23 13:19:46','2021-08-23 13:19:46',NULL),(60,'23/8/2021','undefined',51,9899,'','Peajes','2021-08-23 22:00:48','2021-08-23 22:00:48','2021-08-26 12:06:15'),(61,'23/8/2021','hgf',52,7878,'https://res.cloudinary.com/dtabhpdet/image/upload/v1629760693/brikcqnxqcvme4uebd0z.png','Hotel','2021-08-23 22:02:53','2021-08-23 23:09:11',NULL),(62,'23/8/2021','Peajes viaje a chivilcoy, y reuniones centro',53,810,'','Peajes','2021-08-23 23:50:28','2021-08-23 23:50:28',NULL),(63,'23/8/2021','Peajes, reuniones centro 18/8 y 19/8',53,1020,'','Otros','2021-08-23 23:57:45','2021-08-23 23:57:45',NULL),(64,'24/8/2021','dadsad',52,222,'https://res.cloudinary.com/dtabhpdet/image/upload/v1629809829/jm7xafhykwegthfwg9xy.png','Hotel','2021-08-24 12:48:10','2021-08-24 12:48:10',NULL),(65,'24/8/2021','no tomar',51,300,'','Hotel','2021-08-24 13:59:17','2021-08-24 13:59:17','2021-08-26 12:06:15'),(66,'24/8/2021','test',54,5000,'','Nafta','2021-08-24 14:01:31','2021-08-24 14:01:31','2021-08-26 12:06:20'),(67,'24/8/2021','test',54,55,'','Nafta','2021-08-24 14:20:11','2021-08-24 14:20:11','2021-08-26 12:06:20'),(68,'25/8/2021','Uber!!!',55,1636,'https://res.cloudinary.com/dtabhpdet/image/upload/v1629898745/yxswsjh8p9mr5t5mvlu1.jpg','Transporte','2021-08-25 13:30:12','2021-08-25 13:30:12',NULL),(70,'25/8/2021','Uber!!!',55,1114,'https://res.cloudinary.com/dtabhpdet/image/upload/v1629898822/ak0urhqv5li5fvixr2ld.jpg','Transporte','2021-08-25 13:31:29','2021-08-25 13:31:29',NULL),(71,'26/8/2021','hotel rio',57,3150,'https://res.cloudinary.com/dtabhpdet/image/upload/v1629991373/e0bqkxlnrcbnyuizzovz.jpg','Hotel','2021-08-26 15:08:06','2021-08-26 15:14:06',NULL),(72,'26/8/2021','amerian',57,32000,'https://res.cloudinary.com/dtabhpdet/image/upload/v1629991776/fyzdmozducx06znozno9.jpg','Hotel','2021-08-26 15:20:50','2021-08-26 15:20:50',NULL),(73,'26/8/2021','hotel plaza',57,3904,'https://res.cloudinary.com/dtabhpdet/image/upload/v1629991867/ddt883qynijnl0qqp7a1.jpg','Hotel','2021-08-26 15:22:21','2021-08-26 15:22:21',NULL),(74,'26/8/2021','carga inicial',57,2465,'https://res.cloudinary.com/dtabhpdet/image/upload/v1629993264/bf2vmg6tva7qnbepxyge.jpg','Nafta','2021-08-26 15:45:37','2021-08-26 15:45:37',NULL),(75,'26/8/2021','',57,710,'https://res.cloudinary.com/dtabhpdet/image/upload/v1629993342/z4bkcyx5pjuteztqswta.jpg','Comida','2021-08-26 15:46:56','2021-08-26 15:46:56',NULL),(76,'26/8/2021','',57,710,'https://res.cloudinary.com/dtabhpdet/image/upload/v1629993572/buk21zfiyfzhybwubyoz.jpg','Comida','2021-08-26 15:50:45','2021-08-26 15:50:45','2021-08-26 15:50:56'),(77,'26/8/2021','',57,60,'https://res.cloudinary.com/dtabhpdet/image/upload/v1629993775/nndb9wxbgovvzsxbakek.jpg','Peajes','2021-08-26 15:54:08','2021-08-26 15:54:08',NULL),(78,'26/8/2021','gasto cargador . autorizo ERS',57,2500,'https://res.cloudinary.com/dtabhpdet/image/upload/v1629993898/rvx2wnx6srkbz4os8tss.jpg','Otros','2021-08-26 15:56:11','2021-08-26 15:56:11',NULL),(79,'26/8/2021','',57,4286,'https://res.cloudinary.com/dtabhpdet/image/upload/v1629994076/re8af3xxoa4o6iajkeog.jpg','Nafta','2021-08-26 15:59:09','2021-08-26 15:59:09',NULL),(80,'26/8/2021','refrigerio',57,215,'https://res.cloudinary.com/dtabhpdet/image/upload/v1629994157/crwbwylvfoq4xja6er04.jpg','Otros','2021-08-26 16:00:31','2021-08-26 16:00:31',NULL),(81,'26/8/2021','',57,70,'https://res.cloudinary.com/dtabhpdet/image/upload/v1629994219/vtqfkqpyoqqhujyvrnhd.jpg','Peajes','2021-08-26 16:01:32','2021-08-26 16:01:32',NULL),(82,'26/8/2021','gomeria',57,400,'https://res.cloudinary.com/dtabhpdet/image/upload/v1629994270/vrls4haoghvpkk9uqhfb.jpg','Otros','2021-08-26 16:02:23','2021-08-26 16:02:23',NULL),(83,'26/8/2021','fxth',58,50,'','Nafta','2021-08-26 16:42:32','2021-08-26 16:42:32','2021-08-26 16:49:46'),(84,'26/8/2021','',57,225,'https://res.cloudinary.com/dtabhpdet/image/upload/v1630021377/ekq1hiklsg3umfvlbguy.jpg','Otros','2021-08-26 23:34:12','2021-08-26 23:34:12',NULL),(85,'26/8/2021','',57,4101,'https://res.cloudinary.com/dtabhpdet/image/upload/v1630021435/gd5hcs6d5edhsnuwvuti.jpg','Nafta','2021-08-26 23:35:10','2021-08-26 23:35:10',NULL),(86,'26/8/2021','',57,4040,'https://res.cloudinary.com/dtabhpdet/image/upload/v1630021488/uuozvdd5gjmg37he7cqm.jpg','Nafta','2021-08-26 23:36:04','2021-08-26 23:36:04',NULL),(87,'26/8/2021','2 comprobantes',57,140,'https://res.cloudinary.com/dtabhpdet/image/upload/v1630021537/snn9ujcwhy6slqrenctx.jpg','Peajes','2021-08-26 23:36:53','2021-08-26 23:36:53',NULL),(88,'26/8/2021','',57,3112,'https://res.cloudinary.com/dtabhpdet/image/upload/v1630021589/zl5d7xilawwtxylxxkex.jpg','Nafta','2021-08-26 23:37:45','2021-08-26 23:37:45',NULL),(89,'26/8/2021','',57,490,'https://res.cloudinary.com/dtabhpdet/image/upload/v1630021638/zxlra0kvt97hwqja8wja.jpg','Comida','2021-08-26 23:38:33','2021-08-26 23:38:33',NULL),(90,'26/8/2021','estacionamiento',57,300,'https://res.cloudinary.com/dtabhpdet/image/upload/v1630021694/g7oh7i7ixxh6y68ftqgq.jpg','Otros','2021-08-26 23:39:29','2021-08-26 23:39:29',NULL),(91,'26/8/2021','gasto compartido',57,1100,'https://res.cloudinary.com/dtabhpdet/image/upload/v1630021755/uz2ylr2tiylix8g9et6l.jpg','Comida','2021-08-26 23:40:30','2021-08-26 23:40:30',NULL),(92,'26/8/2021','',57,960,'https://res.cloudinary.com/dtabhpdet/image/upload/v1630021797/tde3poiypxenmwjeou90.jpg','Comida','2021-08-26 23:41:12','2021-08-26 23:41:12',NULL),(93,'26/8/2021','',57,930,'https://res.cloudinary.com/dtabhpdet/image/upload/v1630021835/whkv3uve0gsq2rdcqurw.jpg','Comida','2021-08-26 23:41:50','2021-08-26 23:41:50',NULL),(94,'26/8/2021','',57,850,'https://res.cloudinary.com/dtabhpdet/image/upload/v1630021876/dvre98kbm3oomgrkmvjo.jpg','Comida','2021-08-26 23:42:31','2021-08-26 23:42:31',NULL),(95,'26/8/2021','2 comprobantes',57,130,'https://res.cloudinary.com/dtabhpdet/image/upload/v1630021919/y8mwxdmabhuur28mzghq.jpg','Peajes','2021-08-26 23:43:14','2021-08-26 23:43:14',NULL),(96,'26/8/2021','estacionamiento',57,520,'https://res.cloudinary.com/dtabhpdet/image/upload/v1630021973/mtfzcov00k6qhwb8ihu5.jpg','Otros','2021-08-26 23:44:08','2021-08-26 23:44:08',NULL),(97,'26/8/2021','estacionamiento',57,260,'https://res.cloudinary.com/dtabhpdet/image/upload/v1630022022/zud6rstnbzo9kvomd1ii.jpg','Otros','2021-08-26 23:44:57','2021-08-26 23:44:57',NULL),(98,'26/8/2021','',57,600,'https://res.cloudinary.com/dtabhpdet/image/upload/v1630022074/zookfyrx8czpabwbl2p3.jpg','Comida','2021-08-26 23:45:49','2021-08-26 23:45:49',NULL),(99,'26/8/2021','gastos de bar',57,500,'https://res.cloudinary.com/dtabhpdet/image/upload/v1630022128/uxgwmvyadkhm6rtijope.jpg','Otros','2021-08-26 23:46:43','2021-08-26 23:46:43',NULL),(100,'26/8/2021','estacionamiento',57,100,'https://res.cloudinary.com/dtabhpdet/image/upload/v1630022171/l56beyqwcd2wfogj02fi.jpg','Otros','2021-08-26 23:47:26','2021-08-26 23:47:26',NULL),(101,'26/8/2021','',57,500,'https://res.cloudinary.com/dtabhpdet/image/upload/v1630022211/ma3ek6aksaxqtalnhpvu.jpg','Comida','2021-08-26 23:48:06','2021-08-26 23:48:06',NULL),(102,'26/8/2021','gasto compartido',57,700,'https://res.cloudinary.com/dtabhpdet/image/upload/v1630022262/ljdmj2822lkgmv3vyecl.jpg','Comida','2021-08-26 23:48:57','2021-08-26 23:48:57',NULL),(103,'26/8/2021','',57,560,'https://res.cloudinary.com/dtabhpdet/image/upload/v1630022299/afnad5bebu7tqdtwi0cz.jpg','Comida','2021-08-26 23:49:34','2021-08-26 23:49:34',NULL),(104,'26/8/2021','',57,2882,'https://res.cloudinary.com/dtabhpdet/image/upload/v1630022701/v3df3aucbu0luuotqz4y.jpg','Nafta','2021-08-26 23:56:16','2021-08-26 23:56:16',NULL),(105,'26/8/2021','propinas .Sin Comprobante',57,1200,'https://res.cloudinary.com/dtabhpdet/image/upload/v1630022735/nrdm8y4msxjqvxnzscka.jpg','Otros','2021-08-26 23:56:51','2021-08-26 23:56:51',NULL),(106,'26/8/2021','atención por almuerzo en casa del cliente 513',57,1270,'https://res.cloudinary.com/dtabhpdet/image/upload/v1630023032/su7c7j698hikkzboaczm.jpg','Otros','2021-08-27 00:01:47','2021-08-27 00:01:47',NULL),(107,'27/8/2021','Uber!! \njueves 26',59,1160,'https://res.cloudinary.com/dtabhpdet/image/upload/v1630085227/wcy0x7ljazgujrnmqcmk.jpg','Transporte','2021-08-27 17:18:27','2021-08-27 17:18:27',NULL),(108,'27/8/2021','Uber!!! \nviaje jueves26',59,1607,'https://res.cloudinary.com/dtabhpdet/image/upload/v1630085325/nnykr3fvbswlcvzudcub.jpg','Transporte','2021-08-27 17:20:05','2021-08-27 17:20:05',NULL),(109,'30/8/2021','estacionamiento',60,238,'https://res.cloudinary.com/dtabhpdet/image/upload/v1630353086/bcsrjjetxgfkttnsqrr6.jpg','Otros','2021-08-30 19:42:04','2021-08-30 19:42:04',NULL),(110,'30/8/2021','estacionamiento ',60,180,'https://res.cloudinary.com/dtabhpdet/image/upload/v1630353147/zbrjfqhfmihe7gmf6ip3.jpg','Otros','2021-08-30 19:43:05','2021-08-30 19:43:05',NULL),(111,'30/8/2021','',60,494,'https://res.cloudinary.com/dtabhpdet/image/upload/v1630353645/mvwhfjf7sooqhwx0vgnz.jpg','Peajes','2021-08-30 19:51:23','2021-08-30 19:51:23',NULL),(112,'30/8/2021','undefined',61,494,'https://res.cloudinary.com/dtabhpdet/image/upload/v1630353726/a02akhjemvkywyhn8cxs.jpg','Peajes','2021-08-30 19:52:44','2021-08-30 19:52:44','2021-08-30 19:53:20'),(113,'2/9/2021','SEGURO',63,9033,'https://res.cloudinary.com/dtabhpdet/image/upload/v1630595161/v3d6qnpi6fpkvhab3e7g.jpg','Otros','2021-09-02 14:54:54','2021-09-02 14:56:55',NULL),(114,'2/9/2021','undefined',64,333,'https://res.cloudinary.com/dtabhpdet/image/upload/v1630596471/ux1qd24tv4ge9eme8jxg.jpg','Peajes','2021-09-02 15:18:45','2021-09-02 15:18:45',NULL),(115,'2/9/2021','seguro del auto',65,11402,'https://res.cloudinary.com/dtabhpdet/image/upload/v1630599348/gubmip0dqvbklqungwpz.jpg','Otros','2021-09-02 16:06:43','2021-09-02 16:06:43',NULL),(116,'2/9/2021','SEGURO',66,3155,'https://res.cloudinary.com/dtabhpdet/image/upload/v1630604048/slgakzouotbpupulsfee.jpg','Otros','2021-09-02 17:25:03','2021-09-02 17:25:03',NULL),(117,'6/9/2021','Insumos para la oficina',68,2148,'https://res.cloudinary.com/dtabhpdet/image/upload/v1630902435/hfnc1rbx0rv5lhijxqdk.pdf','Otros','2021-09-06 04:17:30','2021-09-06 04:17:30',NULL),(118,'6/9/2021','Cuota Autónomos 08/21',69,8286,'https://res.cloudinary.com/dtabhpdet/image/upload/v1630902501/hrzogu4nppqf6bu8qljs.pdf','Otros','2021-09-06 04:18:36','2021-09-06 04:18:36',NULL),(119,'8/9/2021','Peajes chivilcoy',70,514,'https://res.cloudinary.com/dtabhpdet/image/upload/v1631123459/kiq6vdhkqqto6a7svo0n.jpg','Peajes','2021-09-08 17:41:29','2021-09-08 17:41:29',NULL),(120,'10/9/2021','Estacionamiento DNI Emerson',70,180,'https://res.cloudinary.com/dtabhpdet/image/upload/v1631282140/q5q9n6kn56ag1lvoik9m.jpg','Otros','2021-09-10 13:46:21','2021-09-10 13:46:21',NULL),(121,'10/9/2021','Gastos de representación Emerson',71,10000,'','Otros','2021-09-10 18:29:12','2021-09-10 18:29:12',NULL),(122,'11/9/2021','carga inicial',62,244940,'https://res.cloudinary.com/dtabhpdet/image/upload/v1631393957/swuuiuwhcomd8cidgmmn.jpg','Nafta','2021-09-11 20:50:05','2021-09-11 20:50:05','2021-09-11 20:52:07'),(123,'11/9/2021','carga inicial',62,2949,'https://res.cloudinary.com/dtabhpdet/image/upload/v1631394254/mczspcvnatrohzu8nkev.jpg','Nafta','2021-09-11 20:50:06','2021-09-11 20:55:02',NULL),(124,'11/9/2021','carga inicial',62,244940,'https://res.cloudinary.com/dtabhpdet/image/upload/v1631393957/vsotog4usdkkvapiyxx6.jpg','Nafta','2021-09-11 20:50:06','2021-09-11 20:50:06','2021-09-11 20:55:17'),(125,'11/9/2021','',62,3000,'https://res.cloudinary.com/dtabhpdet/image/upload/v1631394048/r8yudmbllv1oseztuma3.jpg','Hotel','2021-09-11 20:51:36','2021-09-11 20:51:36','2021-09-11 20:56:13'),(126,'11/9/2021','',62,3000,'https://res.cloudinary.com/dtabhpdet/image/upload/v1631394048/a0qjqjymsirzmdyp9mjp.jpg','Hotel','2021-09-11 20:51:36','2021-09-11 20:51:36','2021-09-11 20:55:42'),(127,'11/9/2021','',62,3000,'https://res.cloudinary.com/dtabhpdet/image/upload/v1631394048/opz08u7kkkf9jekn1ier.jpg','Hotel','2021-09-11 20:51:36','2021-09-11 20:51:36','2021-09-11 20:56:16'),(128,'11/9/2021','',62,3000,'https://res.cloudinary.com/dtabhpdet/image/upload/v1631394048/gmvg5oycw2yg7clbssbi.jpg','Hotel','2021-09-11 20:51:36','2021-09-11 20:51:36','2021-09-11 20:56:24'),(129,'11/9/2021','bar',62,200,'https://res.cloudinary.com/dtabhpdet/image/upload/v1631394403/xfhjgi1zolrempljofng.jpg','Otros','2021-09-11 20:57:31','2021-09-11 20:57:31','2021-09-11 21:02:55'),(130,'11/9/2021','bar',62,200,'https://res.cloudinary.com/dtabhpdet/image/upload/v1631394403/weo1wdoar5o0v6nnunvy.jpg','Otros','2021-09-11 20:57:31','2021-09-11 20:57:31',NULL),(131,'11/9/2021','bar',62,200,'https://res.cloudinary.com/dtabhpdet/image/upload/v1631394403/lej4vrqyef7sroytylei.jpg','Otros','2021-09-11 20:57:31','2021-09-11 20:57:31','2021-09-11 21:02:41'),(132,'11/9/2021','',62,4151,'https://res.cloudinary.com/dtabhpdet/image/upload/v1631394471/yvjdp057uelz4qhs1ujb.jpg','Nafta','2021-09-11 20:58:39','2021-09-11 20:58:39',NULL),(133,'11/9/2021','',62,4151,'https://res.cloudinary.com/dtabhpdet/image/upload/v1631394471/wrpkkivk3b8fg8qlpgic.jpg','Nafta','2021-09-11 20:58:39','2021-09-11 20:58:39','2021-09-11 21:03:05'),(134,'11/9/2021','',62,4151,'https://res.cloudinary.com/dtabhpdet/image/upload/v1631394472/w2wpcz20cuywjmmw9eti.jpg','Nafta','2021-09-11 20:58:39','2021-09-11 20:58:39','2021-09-11 21:03:14'),(135,'11/9/2021','ALEX SACIF',62,3000,'https://res.cloudinary.com/dtabhpdet/image/upload/v1631394574/zbfa1qkvpk7mfx4bslaj.jpg','Hotel','2021-09-11 21:00:21','2021-09-11 21:00:21',NULL),(136,'11/9/2021','ALEX SACIF',62,3000,'https://res.cloudinary.com/dtabhpdet/image/upload/v1631394574/vk7x2tbvda0jckhz0ovh.jpg','Hotel','2021-09-11 21:00:21','2021-09-11 21:00:21','2021-09-11 21:04:14'),(137,'11/9/2021','ALEX SACIF',62,3000,'https://res.cloudinary.com/dtabhpdet/image/upload/v1631394574/d1pocab1vofshinduxgu.jpg','Hotel','2021-09-11 21:00:21','2021-09-11 21:03:59','2021-09-11 21:05:16'),(138,'11/9/2021','',62,77,'https://res.cloudinary.com/dtabhpdet/image/upload/v1631394624/ietkyntqhdq2zvhsyrbu.jpg','Peajes','2021-09-11 21:01:12','2021-09-11 21:01:12','2021-09-11 21:04:34'),(139,'11/9/2021','',62,77,'https://res.cloudinary.com/dtabhpdet/image/upload/v1631394624/s6czehldeuqpx7svn5cf.jpg','Peajes','2021-09-11 21:01:12','2021-09-11 21:01:12','2021-09-11 21:04:18'),(140,'11/9/2021','',62,77,'https://res.cloudinary.com/dtabhpdet/image/upload/v1631394624/l6r34qi7dkjkldndazed.jpg','Peajes','2021-09-11 21:01:12','2021-09-11 21:01:12','2021-09-11 21:04:23'),(141,'11/9/2021','',62,77,'https://res.cloudinary.com/dtabhpdet/image/upload/v1631394624/tlaugfw4krnvpduteymr.jpg','Peajes','2021-09-11 21:01:12','2021-09-11 21:01:12',NULL),(142,'11/9/2021','',62,77,'https://res.cloudinary.com/dtabhpdet/image/upload/v1631394624/rfj1oqxcyvt1l3nvgdmf.jpg','Peajes','2021-09-11 21:01:12','2021-09-11 21:01:12','2021-09-11 21:04:48'),(143,'11/9/2021','EFECTIVO',62,4885,'https://res.cloudinary.com/dtabhpdet/image/upload/v1631394976/bzw8u2jsniymxp9qaf8y.jpg','Nafta','2021-09-11 21:07:03','2021-09-11 21:07:03','2021-09-11 21:09:21'),(144,'11/9/2021','EFECTIVO',62,4885,'https://res.cloudinary.com/dtabhpdet/image/upload/v1631394976/eqicaigj3ivaot1fxhvw.jpg','Nafta','2021-09-11 21:07:03','2021-09-11 21:07:03','2021-09-11 21:07:47'),(145,'11/9/2021','EFECTIVO',62,4885,'https://res.cloudinary.com/dtabhpdet/image/upload/v1631394976/wlv8od47dx2fjshbuqws.jpg','Nafta','2021-09-11 21:07:04','2021-09-11 21:07:04',NULL),(146,'11/9/2021','estacionamiento\nefectivo',62,300,'https://res.cloudinary.com/dtabhpdet/image/upload/v1631395351/tdyd0iyixel6xcssuybl.jpg','Otros','2021-09-11 21:13:19','2021-09-11 21:13:19',NULL),(147,'11/9/2021','estacionamiento\nefectivo',62,300,'https://res.cloudinary.com/dtabhpdet/image/upload/v1631395352/pr8ocwqy3p8a4dte28ym.jpg','Otros','2021-09-11 21:13:19','2021-09-11 21:13:19','2021-09-11 21:15:54'),(148,'11/9/2021','',62,1510,'https://res.cloudinary.com/dtabhpdet/image/upload/v1631395906/a8w5iadif9sngfwhl9sk.jpg','Comida','2021-09-11 21:22:34','2021-09-11 21:22:34',NULL),(149,'11/9/2021','efectivo',62,1154,'https://res.cloudinary.com/dtabhpdet/image/upload/v1631396011/yd1c16sp1xhf0hla7uce.jpg','Comida','2021-09-11 21:24:19','2021-09-11 21:24:19',NULL),(150,'11/9/2021','efectivo',62,1154,'https://res.cloudinary.com/dtabhpdet/image/upload/v1631396011/tjkbgfgvhagfyuibu7tt.jpg','Comida','2021-09-11 21:24:19','2021-09-11 21:24:19','2021-09-11 21:24:39'),(151,'11/9/2021','efectivo',62,1200,'https://res.cloudinary.com/dtabhpdet/image/upload/v1631396152/m4rwprtwspdfo5aj8mff.jpg','Comida','2021-09-11 21:26:40','2021-09-11 21:26:40',NULL),(152,'11/9/2021','efectivo',62,1200,'https://res.cloudinary.com/dtabhpdet/image/upload/v1631396152/zl23jvixaqlb8ew5qyjl.jpg','Comida','2021-09-11 21:26:40','2021-09-11 21:26:40','2021-09-11 21:27:58'),(153,'11/9/2021','efectivo',62,1200,'https://res.cloudinary.com/dtabhpdet/image/upload/v1631396152/k2m2o2qmgpzhr7lqhvoq.jpg','Comida','2021-09-11 21:26:40','2021-09-11 21:26:40','2021-09-11 21:27:53'),(154,'13/9/2021','',62,2901,'https://res.cloudinary.com/dtabhpdet/image/upload/v1631536250/esmtyj3yahqduwbhwnji.jpg','Nafta','2021-09-13 12:20:47','2021-09-13 12:20:47',NULL),(155,'13/9/2021','',62,2901,'https://res.cloudinary.com/dtabhpdet/image/upload/v1631536250/ysmj3jkcxaxgjltie8l0.jpg','Nafta','2021-09-13 12:20:47','2021-09-13 12:20:47','2021-09-13 12:21:05'),(156,'13/9/2021','eft',62,75,'https://res.cloudinary.com/dtabhpdet/image/upload/v1631536412/lhecssugqlgt08u8efp2.jpg','Peajes','2021-09-13 12:23:30','2021-09-13 12:23:30',NULL),(157,'13/9/2021','eft',62,75,'https://res.cloudinary.com/dtabhpdet/image/upload/v1631536413/k54eds6ginsfe1pikp71.jpg','Peajes','2021-09-13 12:23:30','2021-09-13 12:23:30','2021-09-13 12:23:49'),(158,'13/9/2021','',62,20249,'https://res.cloudinary.com/dtabhpdet/image/upload/v1631536484/fysxpy2yq7ztivuawxrc.jpg','Hotel','2021-09-13 12:24:41','2021-09-13 12:24:41',NULL),(159,'13/9/2021','',62,510,'https://res.cloudinary.com/dtabhpdet/image/upload/v1631536626/jgc4lww8rhllxxdph9h6.jpg','Comida','2021-09-13 12:27:04','2021-09-13 12:27:04',NULL),(160,'13/9/2021','',62,0,'','','2021-09-13 12:27:32','2021-09-13 12:27:32','2021-09-13 12:28:44'),(161,'13/9/2021','efectivo',62,20,'https://res.cloudinary.com/dtabhpdet/image/upload/v1631536702/synxrwtypd2zhivpulp8.jpg','Otros','2021-09-13 12:28:19','2021-09-13 12:28:19',NULL),(162,'13/9/2021','efectivo',62,20,'https://res.cloudinary.com/dtabhpdet/image/upload/v1631536702/lcgl3n0rbfpko3obkh3u.jpg','Otros','2021-09-13 12:28:20','2021-09-13 12:28:20','2021-09-13 12:28:56'),(163,'13/9/2021','efectivo',62,1400,'https://res.cloudinary.com/dtabhpdet/image/upload/v1631536816/yxlh0wtrewdhuep9qa3i.jpg','Comida','2021-09-13 12:30:13','2021-09-13 12:30:13',NULL),(164,'13/9/2021','gastos bar',62,400,'https://res.cloudinary.com/dtabhpdet/image/upload/v1631537188/sn71bupjrusy2rmkyydm.jpg','Otros','2021-09-13 12:36:26','2021-09-13 12:36:26',NULL),(165,'13/9/2021','gastos bar',62,400,'https://res.cloudinary.com/dtabhpdet/image/upload/v1631537188/qr5lo8vhiiqueq4rpcbb.jpg','Otros','2021-09-13 12:36:26','2021-09-13 12:36:26','2021-09-13 12:36:39'),(166,'13/9/2021','',62,4699,'https://res.cloudinary.com/dtabhpdet/image/upload/v1631537265/fsjfkthozfveuyiphiq0.jpg','Nafta','2021-09-13 12:37:42','2021-09-13 12:37:42',NULL),(167,'13/9/2021','',62,4699,'https://res.cloudinary.com/dtabhpdet/image/upload/v1631537265/lz7lgu0tfhkg81q2ge4o.jpg','Nafta','2021-09-13 12:37:42','2021-09-13 12:37:42','2021-09-13 12:43:24'),(168,'13/9/2021','',62,2000,'https://res.cloudinary.com/dtabhpdet/image/upload/v1631537385/alzvccg6c7p08zxw6w0g.jpg','Hotel','2021-09-13 12:39:43','2021-09-13 12:39:43',NULL),(169,'13/9/2021','',62,610,'https://res.cloudinary.com/dtabhpdet/image/upload/v1631537479/xtouq5pfqd6haugw7iae.jpg','Comida','2021-09-13 12:41:17','2021-09-13 12:41:17',NULL),(170,'13/9/2021','',62,610,'https://res.cloudinary.com/dtabhpdet/image/upload/v1631537482/wvfz3ggiljooruzz76pc.jpg','Comida','2021-09-13 12:41:19','2021-09-13 12:41:19','2021-09-13 12:46:33'),(171,'13/9/2021','',62,610,'https://res.cloudinary.com/dtabhpdet/image/upload/v1631537483/ejtg2japorbwdss47khz.jpg','Comida','2021-09-13 12:41:21','2021-09-13 12:41:21','2021-09-13 12:43:48'),(172,'13/9/2021','',62,4596,'','Nafta','2021-09-13 12:47:54','2021-09-13 12:47:54','2021-09-13 12:48:43'),(173,'13/9/2021','',62,4596,'','Nafta','2021-09-13 12:47:54','2021-09-13 12:47:54','2021-09-13 12:48:47'),(174,'13/9/2021','',62,4596,'https://res.cloudinary.com/dtabhpdet/image/upload/v1631537979/iulwcge9jumedcanacqo.jpg','Nafta','2021-09-13 12:49:37','2021-09-13 12:49:37',NULL),(176,'13/9/2021','undefined',72,637,'https://res.cloudinary.com/dtabhpdet/image/upload/v1631539473/kuhpfjqmqwfnflyx2tsv.jpg','Otros','2021-09-13 13:14:30','2021-09-13 13:14:30',NULL),(177,'13/9/2021','undefined',73,637,'https://res.cloudinary.com/dtabhpdet/image/upload/v1631539473/szyx6rf9undvdbsqlgar.jpg','Otros','2021-09-13 13:14:31','2021-09-13 13:14:31',NULL),(178,'13/9/2021','cochera efectivo',72,496,'https://res.cloudinary.com/dtabhpdet/image/upload/v1631539643/wx4roahohunc3h8pnnqn.jpg','Otros','2021-09-13 13:17:21','2021-09-13 13:17:21',NULL),(179,'13/9/2021','cochera efectivo',72,240,'https://res.cloudinary.com/dtabhpdet/image/upload/v1631539734/dpx0f3apgblihwrpyqi9.jpg','Otros','2021-09-13 13:18:52','2021-09-13 13:18:52',NULL),(180,'13/9/2021','peajes varios',72,105,'https://res.cloudinary.com/dtabhpdet/image/upload/v1631539802/wqlxpy3guhlzvfin4ut1.jpg','Peajes','2021-09-13 13:20:00','2021-09-13 13:20:00',NULL),(181,'16/9/2021','estacionamiento Reunion Secretaria',70,180,'https://res.cloudinary.com/dtabhpdet/image/upload/v1631811366/hdqlzbabuj2ikdfk4fl2.jpg','Otros','2021-09-16 16:56:44','2021-09-16 16:56:44',NULL),(182,'16/9/2021','Propina almuerzo con Emerson.',74,500,'https://res.cloudinary.com/dtabhpdet/image/upload/v1631814020/tpvf7z6henrshfab3ojr.jpg','Otros','2021-09-16 17:40:59','2021-09-16 17:40:59',NULL),(183,'16/9/2021','Propina almuerzo con Emerson.',74,500,'https://res.cloudinary.com/dtabhpdet/image/upload/v1631814052/ws6fthzkju6qz7yngnjw.jpg','Otros','2021-09-16 17:41:30','2021-09-16 17:41:30',NULL),(184,'16/9/2021','Propina almuerzo con Emerson.',74,500,'https://res.cloudinary.com/dtabhpdet/image/upload/v1631814095/qq8llozdtibnylym1k8m.jpg','Otros','2021-09-16 17:42:14','2021-09-16 17:42:14',NULL),(185,'16/9/2021','Propina almuerzo con Emerson.',74,500,'https://res.cloudinary.com/dtabhpdet/image/upload/v1631814119/t8roh74bahuh9yerbkzy.jpg','Otros','2021-09-16 17:42:38','2021-09-16 17:42:38',NULL),(186,'16/9/2021','Propina cena con Emerson.',74,2000,'https://res.cloudinary.com/dtabhpdet/image/upload/v1631814143/plawsfhbv15w3mkttmcl.jpg','Otros','2021-09-16 17:43:02','2021-09-16 17:43:02',NULL),(187,'16/9/2021','Propina almuerzo con Emerson.',74,500,'https://res.cloudinary.com/dtabhpdet/image/upload/v1631814171/feypct2vosensnfr98sz.jpg','Otros','2021-09-16 17:43:30','2021-09-16 17:43:30',NULL),(188,'16/9/2021','Propina cena en Chivilcoy.',74,2000,'https://res.cloudinary.com/dtabhpdet/image/upload/v1631814223/mcrkhmjug4cqdns8j531.jpg','Otros','2021-09-16 17:44:22','2021-09-16 17:44:22',NULL),(189,'16/9/2021','Garage certificación firma.',74,400,'https://res.cloudinary.com/dtabhpdet/image/upload/v1631814646/nl4dnpq88obhhetjyg5f.jpg','Otros','2021-09-16 17:51:24','2021-09-16 17:53:49',NULL),(190,'16/9/2021','Garage reunión centro.',74,140,'https://res.cloudinary.com/dtabhpdet/image/upload/v1631814676/lodonl4daineyqapd6me.jpg','Otros','2021-09-16 17:51:55','2021-09-16 17:51:55',NULL),(191,'16/9/2021','Garage reunión Gorbatto.',74,150,'https://res.cloudinary.com/dtabhpdet/image/upload/v1631814767/vwuxvkoqbgulctypjh7l.jpg','Otros','2021-09-16 17:53:26','2021-09-16 17:53:26',NULL);
/*!40000 ALTER TABLE `rendiciones` ENABLE KEYS */;
UNLOCK TABLES;

--
-- Table structure for table `rendiciones_imagenes`
--

DROP TABLE IF EXISTS `rendiciones_imagenes`;
/*!40101 SET @saved_cs_client     = @@character_set_client */;
/*!40101 SET character_set_client = utf8 */;
CREATE TABLE `rendiciones_imagenes` (
  `id` int(11) NOT NULL AUTO_INCREMENT,
  `idrendicion` int(11) NOT NULL,
  `idimagen` int(11) NOT NULL,
  `createdAt` datetime DEFAULT NULL,
  `updateAt` datetime DEFAULT NULL,
  `deletedAt` datetime DEFAULT NULL,
  PRIMARY KEY (`id`),
  KEY `idimagen_idx` (`idimagen`),
  KEY `idrendicion_idx` (`idrendicion`),
  CONSTRAINT `idimagen` FOREIGN KEY (`idimagen`) REFERENCES `imagenes` (`id`) ON DELETE NO ACTION ON UPDATE NO ACTION,
  CONSTRAINT `idrendicion` FOREIGN KEY (`idrendicion`) REFERENCES `rendiciones` (`id`) ON DELETE NO ACTION ON UPDATE NO ACTION
) ENGINE=InnoDB DEFAULT CHARSET=utf8mb4;
/*!40101 SET character_set_client = @saved_cs_client */;

--
-- Dumping data for table `rendiciones_imagenes`
--

LOCK TABLES `rendiciones_imagenes` WRITE;
/*!40000 ALTER TABLE `rendiciones_imagenes` DISABLE KEYS */;
/*!40000 ALTER TABLE `rendiciones_imagenes` ENABLE KEYS */;
UNLOCK TABLES;

--
-- Table structure for table `rendicioneskms`
--

DROP TABLE IF EXISTS `rendicioneskms`;
/*!40101 SET @saved_cs_client     = @@character_set_client */;
/*!40101 SET character_set_client = utf8 */;
CREATE TABLE `rendicioneskms` (
  `id` int(11) NOT NULL AUTO_INCREMENT,
  `fechaSelect` varchar(45) DEFAULT NULL,
  `importe` float DEFAULT NULL,
  `KmI` float DEFAULT NULL,
  `KmF` float DEFAULT NULL,
  `KmRecorrido` float DEFAULT NULL,
  `usuarioId` int(11) DEFAULT NULL,
  `kilometroId` int(11) DEFAULT NULL,
  `nota` varchar(40) DEFAULT NULL,
  `createdAt` datetime DEFAULT NULL,
  `updatedAt` datetime DEFAULT NULL,
  `deletedAt` datetime DEFAULT NULL,
  PRIMARY KEY (`id`),
  KEY `kmId_idx` (`kilometroId`),
  KEY `usukmId_idx` (`usuarioId`),
  CONSTRAINT `kmId` FOREIGN KEY (`kilometroId`) REFERENCES `kilometros` (`id`) ON DELETE NO ACTION ON UPDATE NO ACTION,
  CONSTRAINT `usukmId` FOREIGN KEY (`usuarioId`) REFERENCES `usuarios` (`id`) ON DELETE NO ACTION ON UPDATE NO ACTION
) ENGINE=InnoDB AUTO_INCREMENT=200 DEFAULT CHARSET=utf8mb4;
/*!40101 SET character_set_client = @saved_cs_client */;

--
-- Dumping data for table `rendicioneskms`
--

LOCK TABLES `rendicioneskms` WRITE;
/*!40000 ALTER TABLE `rendicioneskms` DISABLE KEYS */;
INSERT INTO `rendicioneskms` VALUES (10,'17/08/2021',2166,9348,9462,114,15,4,'Reunión Scioli Villa la ñata','2021-08-23 13:11:09','2021-08-23 13:17:20',NULL),(11,'19/08/2021',1083,9483,9540,57,15,4,'reuniones por el centro porteño con min ','2021-08-23 13:13:33','2021-08-23 13:17:20',NULL),(12,'10/08/2021',6726,188024,188378,354,1,5,'Viaje a Chivilcoy','2021-08-23 23:36:54','2021-08-23 23:44:47',NULL),(13,'18/08/2021',475,188401,188426,25,1,5,'Reunion Mtro Costas','2021-08-23 23:38:46','2021-08-23 23:44:47',NULL),(14,'19/08/2021',494,188445,188471,26,1,5,'Reunion Secretaria','2021-08-23 23:39:48','2021-08-23 23:44:47',NULL),(15,'',0,0,0,0,21,9,'','2021-08-25 15:18:59','2021-09-02 16:18:54',NULL),(16,'18/08/2021',760,52505,52545,40,6,11,'Viaje por trámite Residencia Emerson.','2021-08-25 18:37:38','2021-09-06 04:11:18',NULL),(17,'21/07/2021',684,0,36,36,11,NULL,'Reunión en Oficina Wang. Regreso a la of','2021-08-26 16:42:56','2021-08-26 16:42:56',NULL),(18,'07/07/2021',114,0,6,6,11,NULL,'Retiro material Etiquetas y viaje a Spor','2021-08-26 16:44:26','2021-08-26 16:44:26','2021-08-26 16:48:02'),(19,'07/07/2021',228,0,12,12,11,NULL,'Retiro material Multicintas, entrega en ','2021-08-26 16:49:46','2021-08-26 16:49:46',NULL),(20,'',0,0,0,0,22,NULL,'','2021-08-30 19:58:38','2021-08-30 19:58:38','2021-08-30 19:58:40'),(21,'02/08/2021',323,63765,63782,17,19,6,'','2021-08-30 20:43:16','2021-08-30 20:59:03',NULL),(22,'03/08/2021',1862,63782,63880,98,19,6,'','2021-08-30 20:44:12','2021-08-30 20:59:03',NULL),(23,'04/08/2021',1254,63880,63946,66,19,6,'','2021-08-30 20:44:44','2021-08-30 20:59:03',NULL),(24,'05/08/2021',228,63946,63958,12,19,6,'','2021-08-30 20:45:30','2021-08-30 20:59:03',NULL),(25,'06/08/2021',399,63958,63979,21,19,6,'','2021-08-30 20:46:40','2021-08-30 20:59:03',NULL),(26,'09/08/2021',874,64012,64058,46,19,6,'','2021-08-30 20:47:36','2021-08-30 20:59:03',NULL),(27,'10/08/2021',399,64058,64079,21,19,6,'','2021-08-30 20:48:29','2021-08-30 20:59:03',NULL),(28,'11/08/2021',1862,64079,64177,98,19,6,'','2021-08-30 20:49:14','2021-08-30 20:59:03',NULL),(29,'11/08/2021',1862,64177,64275,98,19,NULL,'','2021-08-30 20:50:04','2021-08-30 20:50:04','2021-08-30 20:50:32'),(30,'12/08/2021',1862,64177,64275,98,19,6,'','2021-08-30 20:51:02','2021-08-30 20:59:03',NULL),(31,'13/08/2021',836,64275,64319,44,19,6,'','2021-08-30 20:51:50','2021-08-30 20:59:03',NULL),(32,'17/08/2021',46227,64401,66834,2433,19,NULL,'','2021-08-30 20:52:56','2021-08-30 20:52:56','2021-08-30 20:53:03'),(33,'17/08/2021',46227,64401,66834,2433,19,6,'gira Buenos aires/ entre rios costa del ','2021-08-30 20:54:22','2021-08-30 20:59:03',NULL),(34,'27/08/2021',969,66834,66885,51,19,6,'','2021-08-30 20:55:15','2021-08-30 20:59:03',NULL),(35,'30/08/2021',NULL,66930,0,NULL,19,NULL,'','2021-08-30 20:56:59','2021-08-30 20:56:59','2021-08-30 20:57:07'),(36,'30/08/2021',418,66930,66952,22,19,6,'','2021-08-30 20:57:28','2021-08-30 20:59:03',NULL),(37,'02/08/2021',456,37952,37976,24,22,8,'','2021-08-31 17:40:10','2021-09-02 15:44:32',NULL),(38,'03/08/2021',152,37976,37984,8,22,8,'','2021-08-31 17:40:59','2021-09-02 15:44:32',NULL),(39,'05/08/2021',4294,37984,38210,226,22,8,'','2021-08-31 17:41:19','2021-09-02 15:44:32',NULL),(40,'10/08/2021',836,38225,38269,44,22,8,'','2021-08-31 17:41:47','2021-09-02 15:44:32',NULL),(41,'12/08/2021',1786,38269,38363,94,22,8,'','2021-08-31 17:42:08','2021-09-02 15:44:32',NULL),(42,'17/08/2021',2109,38375,38486,111,22,8,'','2021-08-31 17:42:34','2021-09-02 15:44:32',NULL),(43,'18/08/2021',399,38486,38507,21,22,8,'','2021-08-31 17:43:16','2021-09-02 15:44:32',NULL),(44,'20/08/2021',570,38507,38537,30,22,8,'','2021-08-31 17:43:49','2021-09-02 15:44:32',NULL),(45,'23/08/2021',1311,38546,38615,69,22,8,'','2021-09-02 14:14:36','2021-09-02 15:44:32',NULL),(46,'23/08/2021',285,38615,38630,15,22,NULL,'','2021-09-02 14:14:49','2021-09-02 14:14:49','2021-09-02 14:14:58'),(47,'25/08/2021',285,38615,38630,15,22,8,'','2021-09-02 14:15:21','2021-09-02 15:44:32',NULL),(48,'31/08/2021',969,35647,35698,51,22,8,'','2021-09-02 14:34:30','2021-09-02 15:44:32',NULL),(49,'16/09/2021',57,34,37,3,7,7,'vamoss ','2021-09-02 15:00:24','2021-09-02 15:31:03','2021-09-08 15:29:43'),(50,'02/08/2021',266,206686,206700,14,21,9,'','2021-09-02 15:08:10','2021-09-02 16:18:54',NULL),(51,'03/08/2021',399,206700,206721,21,21,9,'','2021-09-02 15:08:34','2021-09-02 16:18:54',NULL),(52,'04/08/2021',532,206721,206749,28,21,9,'','2021-09-02 15:08:59','2021-09-02 16:18:54',NULL),(53,'05/08/2021',589,206749,206780,31,21,9,'','2021-09-02 15:09:17','2021-09-02 16:18:54',NULL),(54,'06/08/2021',2584,206780,206916,136,21,9,'','2021-09-02 15:10:08','2021-09-02 16:18:54',NULL),(55,'09/08/2021',551,206932,206961,29,21,9,'','2021-09-02 15:10:57','2021-09-02 16:18:54',NULL),(56,'10/08/2021',494,206961,206987,26,21,9,'','2021-09-02 15:11:17','2021-09-02 16:18:54',NULL),(57,'11/08/2021',760,206987,207027,40,21,9,'','2021-09-02 15:11:37','2021-09-02 16:18:54',NULL),(58,'12/08/2021',969,207027,207078,51,21,9,'','2021-09-02 15:12:17','2021-09-02 16:18:54',NULL),(59,'13/08/2021',1273,207085,207152,67,21,9,'','2021-09-02 15:12:37','2021-09-02 16:18:54',NULL),(60,'17/08/2021',988,207181,207233,52,21,9,'','2021-09-02 15:13:03','2021-09-02 16:18:54',NULL),(61,'18/08/2021',513,207233,207260,27,21,9,'','2021-09-02 15:13:25','2021-09-02 16:18:55',NULL),(62,'19/08/2021',570,207260,207290,30,21,9,'','2021-09-02 15:13:41','2021-09-02 16:18:55',NULL),(63,'20/08/2021',931,207290,207339,49,21,9,'','2021-09-02 15:14:00','2021-09-02 16:18:55',NULL),(64,'23/08/2021',1045,207357,207412,55,21,9,'','2021-09-02 15:14:49','2021-09-02 16:18:55',NULL),(65,'24/08/2021',532,207412,207440,28,21,9,'','2021-09-02 15:15:05','2021-09-02 16:18:55',NULL),(66,'25/08/2021',570,207440,207470,30,21,9,'','2021-09-02 15:15:25','2021-09-02 16:18:55',NULL),(67,'26/08/2021',1045,207470,207525,55,21,9,'','2021-09-02 15:15:40','2021-09-02 16:18:55',NULL),(68,'27/08/2021',437,207525,207548,23,21,9,'','2021-09-02 15:15:56','2021-09-02 16:18:55',NULL),(69,'30/08/2021',494,207555,207581,26,21,9,'','2021-09-02 15:16:16','2021-09-02 16:18:55',NULL),(70,'31/08/2021',342,207581,207599,18,21,NULL,'','2021-09-02 15:16:29','2021-09-02 15:16:29','2021-09-02 16:18:07'),(71,'10/09/2021',399,23,44,21,7,7,'oki','2021-09-02 15:30:43','2021-09-02 15:31:03','2021-09-08 15:29:43'),(72,'31/08/2021',342,207581,207599,18,21,9,'','2021-09-02 16:18:28','2021-09-02 16:18:55',NULL),(73,'02/09/2021',684,173963,173999,36,20,NULL,'','2021-09-02 16:47:20','2021-09-02 16:47:20','2021-09-02 17:03:48'),(74,'03/09/2021',456,173999,174023,24,20,NULL,'','2021-09-02 17:02:30','2021-09-02 17:02:30','2021-09-02 17:03:45'),(75,'02/08/2021',684,173963,173999,36,20,10,'','2021-09-02 17:04:17','2021-09-02 17:18:31',NULL),(76,'03/08/2021',456,173999,174023,24,20,10,'','2021-09-02 17:04:48','2021-09-02 17:18:31',NULL),(77,'04/08/2021',1672,174023,174111,88,20,10,'','2021-09-02 17:05:12','2021-09-02 17:18:31',NULL),(78,'05/08/2021',627,174111,174144,33,20,10,'','2021-09-02 17:05:35','2021-09-02 17:18:31',NULL),(79,'06/08/2021',532,174144,174172,28,20,10,'','2021-09-02 17:05:59','2021-09-02 17:18:31',NULL),(80,'09/08/2021',1235,174222,174287,65,20,10,'','2021-09-02 17:06:27','2021-09-02 17:18:31',NULL),(81,'10/08/2021',399,174287,174308,21,20,10,'','2021-09-02 17:06:45','2021-09-02 17:18:31',NULL),(82,'11/08/2021',1311,174308,174377,69,20,10,'','2021-09-02 17:07:15','2021-09-02 17:18:31',NULL),(83,'12/08/2021',741,174377,174416,39,20,10,'','2021-09-02 17:07:47','2021-09-02 17:18:31',NULL),(84,'13/08/2021',1368,174416,174488,72,20,10,'','2021-09-02 17:08:31','2021-09-02 17:18:32',NULL),(85,'17/08/2021',627,174533,174566,33,20,10,'','2021-09-02 17:09:32','2021-09-02 17:18:32',NULL),(86,'18/08/2021',513,174566,174593,27,20,10,'','2021-09-02 17:10:08','2021-09-02 17:18:32',NULL),(87,'19/08/2021',855,174593,174638,45,20,10,'','2021-09-02 17:10:39','2021-09-02 17:18:32',NULL),(88,'20/08/2021',1159,174638,174699,61,20,10,'','2021-09-02 17:11:03','2021-09-02 17:18:32',NULL),(89,'23/08/2021',988,174736,174788,52,20,10,'','2021-09-02 17:11:29','2021-09-02 17:18:32',NULL),(90,'24/08/2021',437,174788,174811,23,20,10,'','2021-09-02 17:11:50','2021-09-02 17:18:32',NULL),(91,'25/08/2021',1216,174811,174875,64,20,10,'','2021-09-02 17:12:09','2021-09-02 17:18:32',NULL),(92,'27/08/2021',893,174875,174922,47,20,10,'','2021-09-02 17:12:33','2021-09-02 17:18:32',NULL),(93,'30/08/2021',1748,175411,175503,92,20,10,'','2021-09-02 17:12:56','2021-09-02 17:18:32',NULL),(94,'31/08/2021',1596,175503,175587,84,20,10,'','2021-09-02 17:13:14','2021-09-02 17:18:32',NULL),(95,'31/08/2021',0,0,0,0,20,NULL,'','2021-09-02 17:16:13','2021-09-02 17:16:13','2021-09-02 17:17:15'),(96,'27/08/2021',1064,0,56,56,11,NULL,'Visita proveedor medias Bestsox.','2021-09-03 16:51:41','2021-09-03 16:51:41',NULL),(97,'03/09/2021',171,0,9,9,11,NULL,'Visita a proveedor Indumentaria Sportec.','2021-09-03 16:53:38','2021-09-03 16:53:38',NULL),(98,'27/08/2021',570,52828,52858,30,6,11,'Reunión Sun Sol','2021-09-06 04:10:09','2021-09-06 04:11:19',NULL),(99,'07/09/2021',7524,188918,189314,396,1,13,'viaje a chivilcoy, muestras a la oficina','2021-09-08 17:21:34','2021-09-16 17:15:09',NULL),(100,'',171,0,9,9,11,NULL,'Visita Sportec Firma de contrato','2021-09-09 13:13:05','2021-09-09 13:13:05','2021-09-09 13:13:13'),(101,'08/09/2021',171,0,9,9,11,NULL,'Visita Sportec firma de contrato.','2021-09-09 13:13:46','2021-09-09 13:13:46',NULL),(102,'09/09/2021',1881,10150,10249,99,15,12,'Reunión Villa La Ñata ida y vuelta desde','2021-09-10 13:28:38','2021-09-10 13:29:23',NULL),(103,'09/09/2021',570,189320,189350,30,1,13,'DNI Emerson','2021-09-10 13:40:18','2021-09-16 17:15:10',NULL),(104,'03/09/2021',820,52974,53015,41,6,NULL,'','2021-09-13 12:40:39','2021-09-13 12:40:39','2021-09-13 12:42:08'),(105,'06/09/2021',7800,53015,53405,390,6,17,'Viaje a Chivilcoy','2021-09-13 12:41:05','2021-10-03 22:08:20',NULL),(106,'08/09/2021',820,53405,53446,41,6,NULL,'','2021-09-13 12:41:35','2021-09-13 12:41:35','2021-09-13 12:41:42'),(107,'08/09/2021',820,53405,53446,41,6,17,'Certificación Firmas escribana.','2021-09-13 12:42:05','2021-10-03 22:08:20',NULL),(108,'03/09/2021',820,52974,53015,41,6,17,'Reunión Gorbatto.','2021-09-13 12:42:34','2021-10-03 22:08:20',NULL),(109,'13/09/2021',1320,53533,53599,66,6,17,'Reunión Gorbatto y Firma contrato alquil','2021-09-16 17:03:53','2021-10-03 22:08:20',NULL),(110,'13/09/2021',1440,189551,189623,72,1,13,'Secretaria de comercio, firma de contrat','2021-09-16 17:08:00','2021-09-16 17:15:10',NULL),(111,'07/09/2021',7920,188918,189314,396,1,14,'viaje a chivilcoy','2021-09-16 19:36:58','2021-09-16 19:39:21',NULL),(112,'09/09/2021',600,189320,189350,30,1,14,'Retiro de DNI de Emerson','2021-09-16 19:37:49','2021-09-16 19:39:22',NULL),(113,'09/09/2021',1440,189576,189648,72,1,14,'Renion Secretaria, firma contrato y cena','2021-09-16 19:39:04','2021-09-16 19:39:22',NULL),(114,'16/09/2021',1240,10531,10593,62,15,15,'relevamiento cartelería villa la ñata','2021-09-17 12:13:56','2021-09-17 12:14:17',NULL),(115,'16/09/2021',0,0,0,0,15,22,'','2021-09-17 12:14:14','2021-10-20 17:35:05',NULL),(116,'17/09/2021',880,53621,53665,44,6,17,'Reunión Gorbatto.','2021-09-20 15:43:01','2021-10-03 22:08:20',NULL),(117,'01/09/2021',220,207599,207610,11,21,16,'','2021-10-01 12:50:57','2021-10-01 13:06:20',NULL),(118,'02/09/2021',280,207610,207624,14,21,16,'','2021-10-01 12:51:46','2021-10-01 13:06:21',NULL),(119,'03/09/2021',840,207624,207666,42,21,16,'','2021-10-01 12:52:12','2021-10-01 13:06:21',NULL),(120,'06/09/2021',400,207671,207691,20,21,16,'','2021-10-01 12:52:40','2021-10-01 13:06:21',NULL),(121,'07/09/2021',1100,207691,207746,55,21,16,'','2021-10-01 12:53:03','2021-10-01 13:06:21',NULL),(122,'08/09/2021',1300,207746,207811,65,21,16,'','2021-10-01 12:53:24','2021-10-01 13:06:21',NULL),(123,'09/09/2021',400,207811,207831,20,21,16,'','2021-10-01 12:53:53','2021-10-01 13:06:21',NULL),(124,'10/09/2021',680,207831,207865,34,21,16,'','2021-10-01 12:54:10','2021-10-01 13:06:21',NULL),(125,'13/09/2021',380,207882,207901,19,21,16,'','2021-10-01 12:54:43','2021-10-01 13:06:21',NULL),(126,'14/09/2021',580,207901,207930,29,21,16,'','2021-10-01 12:54:59','2021-10-01 13:06:21',NULL),(127,'15/09/2021',1020,207930,207981,51,21,16,'','2021-10-01 12:55:17','2021-10-01 13:06:21',NULL),(128,'16/09/2021',360,207981,207999,18,21,16,'','2021-10-01 12:55:34','2021-10-01 13:06:21',NULL),(129,'17/09/2021',880,207999,208043,44,21,16,'','2021-10-01 12:55:50','2021-10-01 13:06:21',NULL),(130,'20/09/2021',280,208053,208067,14,21,16,'','2021-10-01 12:56:07','2021-10-01 13:06:21',NULL),(131,'21/09/2021',760,208067,208105,38,21,16,'','2021-10-01 12:56:24','2021-10-01 13:06:21',NULL),(132,'22/09/2021',1140,208105,208162,57,21,16,'','2021-10-01 12:56:42','2021-10-01 13:06:21',NULL),(133,'23/09/2021',920,208162,208208,46,21,16,'','2021-10-01 12:56:56','2021-10-01 13:06:21',NULL),(134,'24/09/2021',780,208208,208247,39,21,16,'','2021-10-01 13:00:11','2021-10-01 13:06:21',NULL),(135,'27/09/2021',1040,208271,208323,52,21,16,'','2021-10-01 13:00:33','2021-10-01 13:06:21',NULL),(136,'28/09/2021',1320,208323,208389,66,21,16,'','2021-10-01 13:00:51','2021-10-01 13:06:22',NULL),(137,'29/09/2021',1440,208399,208471,72,21,16,'','2021-10-01 13:01:07','2021-10-01 13:06:22',NULL),(138,'30/09/2021',520,208471,208497,26,21,NULL,'','2021-10-01 13:01:21','2021-10-01 13:01:21','2021-10-01 13:02:42'),(139,'30/09/2021',600,208471,208501,30,21,16,'','2021-10-01 13:03:15','2021-10-01 13:06:22',NULL),(140,'30/09/2021',800,54056,54096,40,6,17,'Reunión estudio GRC','2021-10-03 22:02:40','2021-10-03 22:08:20',NULL),(141,'01/09/2021',500,38698,38723,25,22,18,'','2021-10-04 13:36:16','2021-10-04 13:49:56',NULL),(142,'03/09/2021',1820,38723,38814,91,22,18,'','2021-10-04 13:36:31','2021-10-04 13:49:56',NULL),(143,'06/09/2021',20,38848,38849,1,22,18,'comienzo gira ruta 5 y 7','2021-10-04 13:37:28','2021-10-04 13:49:56',NULL),(144,'10/09/2021',33140,38849,40506,1657,22,18,'final gira ruta 5 y 7','2021-10-04 13:38:24','2021-10-04 13:49:56',NULL),(145,'13/09/2021',1380,40576,40645,69,22,18,'','2021-10-04 13:38:44','2021-10-04 13:49:56',NULL),(146,'13/09/2021',1380,40576,40645,69,22,NULL,'','2021-10-04 13:40:06','2021-10-04 13:40:06','2021-10-04 13:40:15'),(147,'13/09/2021',0,0,0,0,22,NULL,'','2021-10-04 13:40:07','2021-10-04 13:40:07','2021-10-04 13:40:12'),(148,'13/09/2021',1380,40576,40645,69,22,NULL,'','2021-10-04 13:40:28','2021-10-04 13:40:28','2021-10-04 13:42:21'),(149,'15/09/2021',700,40655,40690,35,22,18,'','2021-10-04 13:40:41','2021-10-04 13:49:56',NULL),(150,'17/09/2021',400,40690,40710,20,22,18,'','2021-10-04 13:41:00','2021-10-04 13:49:56',NULL),(151,'19/09/2021',1380,40710,40779,69,22,NULL,'','2021-10-04 13:41:38','2021-10-04 13:41:38','2021-10-04 13:42:37'),(152,'20/09/2021',1160,40721,40779,58,22,18,'','2021-10-04 13:43:22','2021-10-04 13:49:56',NULL),(153,'21/09/2021',2760,40779,40917,138,22,18,'','2021-10-04 13:46:39','2021-10-04 13:49:56',NULL),(154,'29/09/2021',2380,40972,41091,119,22,18,'','2021-10-04 13:47:16','2021-10-04 13:49:56',NULL),(155,'01/09/2021',860,67026,67069,43,19,21,'','2021-10-05 01:09:21','2021-10-05 20:00:03',NULL),(156,'02/09/2021',260,67069,67082,13,19,21,'','2021-10-05 01:24:53','2021-10-05 20:00:03',NULL),(157,'03/09/2021',400,67069,67089,20,19,21,'','2021-10-05 01:26:40','2021-10-05 20:00:03',NULL),(158,'05/09/2021',51120,67111,69667,2556,19,21,'estos kilometros se efectuaron desde el ','2021-10-05 01:29:43','2021-10-05 20:00:03',NULL),(159,'13/09/2021',600,69733,69763,30,19,21,'','2021-10-05 01:30:43','2021-10-05 20:00:03',NULL),(160,'14/09/2021',560,69763,69791,28,19,21,'','2021-10-05 01:31:25','2021-10-05 20:00:03',NULL),(161,'15/09/2021',620,69791,69822,31,19,21,'','2021-10-05 01:32:18','2021-10-05 20:00:03',NULL),(162,'16/09/2021',700,69822,69857,35,19,21,'','2021-10-05 01:33:15','2021-10-05 20:00:03',NULL),(163,'17/09/2021',620,69857,69888,31,19,21,'','2021-10-05 01:34:50','2021-10-05 20:00:04',NULL),(164,'01/09/2021',680,175654,175688,34,20,20,'','2021-10-05 01:35:25','2021-10-05 01:49:24',NULL),(165,'02/09/2021',1760,175711,175799,88,20,20,'','2021-10-05 01:36:34','2021-10-05 01:49:24',NULL),(166,'20/09/2021',1800,69912,70002,90,19,21,'','2021-10-05 01:36:40','2021-10-05 20:00:04',NULL),(167,'03/09/2021',1140,175820,175877,57,20,20,'','2021-10-05 01:37:22','2021-10-05 01:49:24',NULL),(168,'21/09/2021',980,70002,70051,49,19,21,'','2021-10-05 01:37:29','2021-10-05 20:00:04',NULL),(169,'22/09/2021',1120,70051,70107,56,19,21,'','2021-10-05 01:38:22','2021-10-05 20:00:04',NULL),(170,'06/09/2021',1300,175934,175999,65,20,20,'','2021-10-05 01:38:24','2021-10-05 01:49:24',NULL),(171,'23/09/2021',820,70107,70148,41,19,21,'','2021-10-05 01:38:45','2021-10-05 20:00:04',NULL),(172,'07/09/2021',380,176044,176063,19,20,20,'','2021-10-05 01:38:59','2021-10-05 01:49:24',NULL),(173,'24/09/2021',360,70148,70166,18,19,21,'','2021-10-05 01:39:11','2021-10-05 20:00:04',NULL),(174,'08/09/2021',760,176063,176101,38,20,20,'','2021-10-05 01:39:33','2021-10-05 01:49:24',NULL),(175,'27/09/2021',220,70301,70312,11,19,21,'','2021-10-05 01:40:02','2021-10-05 20:00:04',NULL),(176,'09/09/2021',1100,176133,176188,55,20,20,'','2021-10-05 01:40:05','2021-10-05 01:49:24',NULL),(177,'13/09/2021',NULL,176356,0,NULL,20,NULL,'','2021-10-05 01:40:28','2021-10-05 01:40:28','2021-10-05 01:40:35'),(178,'28/09/2021',1600,70312,70392,80,19,21,'','2021-10-05 01:40:34','2021-10-05 20:00:04',NULL),(179,'13/09/2021',500,176356,176381,25,20,20,'','2021-10-05 01:41:00','2021-10-05 01:49:24',NULL),(180,'29/09/2021',1460,70392,70465,73,19,21,'','2021-10-05 01:41:16','2021-10-05 20:00:04',NULL),(181,'14/09/2021',1200,176417,176477,60,20,20,'','2021-10-05 01:41:45','2021-10-05 01:49:24',NULL),(182,'30/09/2021',420,70465,70486,21,19,21,'','2021-10-05 01:42:10','2021-10-05 20:00:04',NULL),(183,'15/09/2021',740,176491,176528,37,20,20,'','2021-10-05 01:42:25','2021-10-05 01:49:24',NULL),(184,'16/09/2021',900,176528,176573,45,20,20,'','2021-10-05 01:43:08','2021-10-05 01:49:24',NULL),(185,'17/09/2021',880,176611,176655,44,20,20,'','2021-10-05 01:43:34','2021-10-05 01:49:24',NULL),(186,'20/09/2021',520,176767,176793,26,20,20,'','2021-10-05 01:44:18','2021-10-05 01:49:24',NULL),(187,'22/09/2021',700,176855,176890,35,20,20,'','2021-10-05 01:44:57','2021-10-05 01:49:24',NULL),(188,'23/09/2021',1300,176890,176955,65,20,20,'','2021-10-05 01:45:22','2021-10-05 01:49:24',NULL),(189,'24/09/2021',960,176955,177003,48,20,20,'','2021-10-05 01:45:49','2021-10-05 01:49:24',NULL),(190,'28/09/2021',680,177288,177322,34,20,20,'','2021-10-05 01:46:15','2021-10-05 01:49:25',NULL),(191,'29/09/2021',1060,177362,177415,53,20,20,'','2021-10-05 01:46:45','2021-10-05 01:49:25',NULL),(192,'30/09/2021',360,177415,177433,18,20,20,'','2021-10-05 01:47:08','2021-10-05 01:49:25',NULL),(193,'',0,0,0,0,19,NULL,'','2021-10-05 01:55:49','2021-10-05 01:55:49','2021-10-05 19:34:42'),(194,'15/09/2021',620,69791,69822,31,19,NULL,'','2021-10-05 01:56:36','2021-10-05 01:56:36','2021-10-05 19:34:39'),(195,'4/10/2021',180,0,9,9,11,NULL,'Visita Sportec','2021-10-18 19:06:31','2021-10-18 19:06:31',NULL),(196,'14/10/2021',720,0,36,36,11,NULL,'Visita Proveedor Oddson (Indumentaria La','2021-10-18 19:08:44','2021-10-18 19:08:44',NULL),(197,'19/10/2021',1840,11541,11633,92,15,22,'Retiro pelotas AFA LNFA x deposito y ent','2021-10-20 17:33:23','2021-10-20 17:35:05',NULL),(198,'10/20/2021',2000,191050,191150,100,1,NULL,'Fabrica de calzado Avellaneda','2021-10-22 13:38:40','2021-10-22 13:38:40',NULL),(199,'10/21/2021',420,191161,191182,21,1,NULL,'','2021-10-22 13:43:14','2021-10-22 13:43:14',NULL);
/*!40000 ALTER TABLE `rendicioneskms` ENABLE KEYS */;
UNLOCK TABLES;

--
-- Table structure for table `tarjetacreditos`
--

DROP TABLE IF EXISTS `tarjetacreditos`;
/*!40101 SET @saved_cs_client     = @@character_set_client */;
/*!40101 SET character_set_client = utf8 */;
CREATE TABLE `tarjetacreditos` (
  `id` int(11) NOT NULL AUTO_INCREMENT,
  `tarjeta` varchar(45) DEFAULT NULL,
  `importe` decimal(10,0) DEFAULT NULL,
  `nombre` varchar(45) DEFAULT NULL,
  `apellido` varchar(45) DEFAULT NULL,
  `nota` varchar(45) DEFAULT NULL,
  `archivo` varchar(100) DEFAULT NULL,
  `createdAt` datetime DEFAULT NULL,
  `updatedAt` date DEFAULT NULL,
  `deletedAt` datetime DEFAULT NULL,
  PRIMARY KEY (`id`)
) ENGINE=InnoDB AUTO_INCREMENT=76 DEFAULT CHARSET=utf8mb4;
/*!40101 SET character_set_client = @saved_cs_client */;

--
-- Dumping data for table `tarjetacreditos`
--

LOCK TABLES `tarjetacreditos` WRITE;
/*!40000 ALTER TABLE `tarjetacreditos` DISABLE KEYS */;
INSERT INTO `tarjetacreditos` VALUES (63,'visa',16930,'Cristian ','Rios','Hotel Acto Chivilcoy.','https://res.cloudinary.com/df4req0l6/image/upload/v1634827435/io3utspkzrn7i2fdyjfr.jpg','2021-10-21 14:43:57','2021-10-21',NULL),(64,'visa',720,'Cristian ','Rios','Gastos Hotel por Acto en Chivilcoy.','Hotel Tomaso .pdf','2021-10-21 14:53:54','2021-10-21',NULL),(65,'American Express',3580,'Cristian ','Rios','Almuerzo Acto en Chivilcoy.','Recibo_2021-10-21_121127.pdf','2021-10-21 15:13:35','2021-10-21',NULL),(66,'American Express',4840,'Cristian ','Rios','Almuerzo con Emerson Shiromaru.','https://res.cloudinary.com/df4req0l6/image/upload/v1634831607/z1cnbajlccmomictrcvm.jpg','2021-10-21 15:53:29','2021-10-21',NULL),(67,'American Express',3400,'Cristian ','Rios','Almuerzo con Emerson Shiromaru.','https://res.cloudinary.com/df4req0l6/image/upload/v1634832109/xzpnu4kirmunhb7cjb2t.jpg','2021-10-21 16:01:50','2021-10-21',NULL),(68,'American Express',3700,'Cristian ','Rios','Almuerzo con Emerson Shiromaru.','https://res.cloudinary.com/df4req0l6/image/upload/v1634832146/vr4kpkxbv1nivzz2rlz1.jpg','2021-10-21 16:02:27','2021-10-21',NULL),(69,'American Express',3400,'Cristian ','Rios','Almuerzo con Emerson Shiromaru.','https://res.cloudinary.com/df4req0l6/image/upload/v1634832216/zgzq0xj1klcsgua4x0wk.jpg','2021-10-21 16:03:37','2021-10-21',NULL),(70,'American Express',3400,'Cristian ','Rios','Almuerzo con Emerson Shiromaru.','https://res.cloudinary.com/df4req0l6/image/upload/v1634832270/iwijiijpqib0euj7dyuz.jpg','2021-10-21 16:04:32','2021-10-21',NULL),(71,'American Express',22300,'Cristian ','Rios','Cena con Emerson Shiromaru.','https://res.cloudinary.com/df4req0l6/image/upload/v1634832331/zmlkplq6tqiuyyms1f4r.jpg','2021-10-21 16:05:33','2021-10-21',NULL),(72,'American Express',5874,'Cristian ','Rios','Cuadernos personalizados Penalty.','b4b52234-b391-47f1-9d39-6afa0b63e270.pdf','2021-10-21 16:12:18','2021-10-21',NULL),(73,'American Express',22400,'Cristian ','Rios','Cuadernos personalizados Penalty.','b7860859-e6c1-41f0-a025-4a947397ad65.pdf','2021-10-21 16:12:41','2021-10-21',NULL),(74,'American Express',22400,'Cristian ','Rios','Cuadernos personalizados Penalty.','3ea68b3c-17ed-414f-9e69-a2a422fb4f99.pdf','2021-10-21 16:13:01','2021-10-21',NULL),(75,'American Express',9000,'Bryan','Ramirez','ffffffff','Hotel Tomaso .pdf','2021-10-24 21:13:50','2021-10-24',NULL);
/*!40000 ALTER TABLE `tarjetacreditos` ENABLE KEYS */;
UNLOCK TABLES;

--
-- Table structure for table `usuarios`
--

DROP TABLE IF EXISTS `usuarios`;
/*!40101 SET @saved_cs_client     = @@character_set_client */;
/*!40101 SET character_set_client = utf8 */;
CREATE TABLE `usuarios` (
  `id` int(11) NOT NULL AUTO_INCREMENT,
  `nombre` varchar(45) DEFAULT NULL,
  `apellido` varchar(45) DEFAULT NULL,
  `departamentoId` int(11) DEFAULT NULL,
  `gerenteId` int(11) DEFAULT NULL,
  `cel` varchar(45) DEFAULT NULL,
  `email` varchar(100) DEFAULT NULL,
  `password` varchar(200) DEFAULT NULL,
  `tipousuario` varchar(45) DEFAULT NULL,
  `categoria` varchar(45) DEFAULT NULL,
  `nvendedor` varchar(45) DEFAULT NULL,
  `fechaContratacion` varchar(45) DEFAULT NULL,
  `imagen` varchar(200) DEFAULT NULL,
  `conectado` varchar(45) DEFAULT NULL,
  `createdAt` datetime DEFAULT NULL,
  `updatedAt` datetime DEFAULT NULL,
  `deletedAt` datetime DEFAULT NULL,
  PRIMARY KEY (`id`),
  KEY `departamentoId_idx` (`departamentoId`),
  KEY `gteId_idx` (`gerenteId`),
  CONSTRAINT `departamentoId` FOREIGN KEY (`departamentoId`) REFERENCES `departamentos` (`id`) ON DELETE NO ACTION ON UPDATE NO ACTION,
  CONSTRAINT `gteId` FOREIGN KEY (`gerenteId`) REFERENCES `gerentes` (`id`) ON DELETE NO ACTION ON UPDATE NO ACTION
) ENGINE=InnoDB AUTO_INCREMENT=32 DEFAULT CHARSET=utf8mb4;
/*!40101 SET character_set_client = @saved_cs_client */;

--
-- Dumping data for table `usuarios`
--

LOCK TABLES `usuarios` WRITE;
/*!40000 ALTER TABLE `usuarios` DISABLE KEYS */;
INSERT INTO `usuarios` VALUES (1,'Esteban','Ramos Santos',1,1,NULL,'esteban@penalty.com.ar','$2b$10$clJ39NoKd6G9t.bT01IvKONMPe4KqhzLSI4UNJqlde0MlhPX4Qqf2','Gerente','interno','901','01/12/2009','https://res.cloudinary.com/dtabhpdet/image/upload/v1629204697/dgyhb2dj6oabp80vvekr.jpg','SI',NULL,'2021-10-26 18:22:29',NULL),(6,'Cristian ','Rios',5,3,'11undefined','cristian.rios@penalty.com.ar','$2b$10$vXt0oHud5jcVxzQWufKfGOO51jidGsJ3/KJityF8C4Q8SDVHLt9m.','Gerente','interno','902','22/03/2010','https://res.cloudinary.com/dtabhpdet/image/upload/v1629838547/tg1q22rbm5msneoqnmwq.jpg','NO','2021-07-11 23:06:55','2021-10-25 21:09:50',NULL),(7,'Bryan','Ramirez',1,1,'1161941121','bryan.ramirez@penalty.com.ar','$2b$10$Xw0aOputGgSs6yyFNZicUudSQcL5pJRRrltqGf./B9wWiP7gf3aRq','Gerente','interno','901','10/02/2021','https://res.cloudinary.com/dtabhpdet/image/upload/v1626409816/iqq9uczn6mac3fagfx4z.jpg','SI','2021-07-11 23:13:18','2021-10-26 19:03:59',NULL),(8,'Cristian ','De Sousa',3,2,'11undefined','cristian.desousa@penalty.com.ar','$2b$10$XgoAN3ydCwSbZ1ufmwXQn.VVCtd7oSI1hhEIkesF7Vo7mwraQndIq','Gerente','interno','903','25/09/2008','https://res.cloudinary.com/dtabhpdet/image/upload/v1629488973/kiqfpj3ixvl1rzyleiqq.png','SI','2021-07-11 23:19:30','2021-10-26 19:03:47',NULL),(9,'Mariela ','Rossetti',5,3,'11undefined','mariela.rossetti@penalty.com.ar','$2b$10$pbch17kgL0kzZhpBqUAhRuTnnBflfgjA9fIjciZ2X8.a6z44jSf22','Empleada','interno','907','13/06/2011','https://res.cloudinary.com/dtabhpdet/image/upload/v1629721699/exwc6ncs0chf5awaqstq.png','NO','2021-07-11 23:22:22','2021-09-24 05:05:21',NULL),(10,'Marisa ','Canales',5,3,'11undefined','marisa.canale@penalty.com.ar','$2b$10$NN1hA3Mlu/Y26G0Ng06hoOFf61BqAkZ6EKARDH.7qteGJvXjZ9hHC','Empleada','interno','907','24/05/2010','https://res.cloudinary.com/dtabhpdet/image/upload/v1629466166/ckkom048tmkpzeql6rpu.png','NO','2021-07-11 23:24:14','2021-10-04 16:35:43',NULL),(11,'Diego','Quiroga',3,2,'11undefined','diego.quiroga@penalty.com.ar','$2b$10$vHephQRNSNsp5qmYTQT5oOnnlbq6Ppr/MYbELnIYNAErcD6oLvSeS','Empleado','interno','908','01/01/2021','https://res.cloudinary.com/dtabhpdet/image/upload/v1629721800/miqjqd1ropomy5cl1l6s.png','NO','2021-07-11 23:29:19','2021-10-19 17:43:46',NULL),(12,'Daniel','Flaibani',2,1,'11undefined','daniel.flaibani@penalty.com.ar','$2b$10$R87GVk6lddIU6sg4SlKUfOH.OOmgZKRc9il.129nH5TYBFLpxWHYe','Empleado','interno','908','16/06/1998','https://res.cloudinary.com/dtabhpdet/image/upload/v1629721775/spmfge4cylpw1h1gnncm.png','NO','2021-07-11 23:45:33','2021-09-09 13:32:41',NULL),(13,'Sandra','Martinez Frasca',5,3,'11undefined','sandra.martinez@penalty.com.ar','$2b$10$ARBCsb7lGAZ822sm52d4cuRmjcPk/jQWGPaSOqDmzZDX1LpYGWjQi','Empleada','interno','905','28/10/2019','https://res.cloudinary.com/dtabhpdet/image/upload/v1629721838/izziikdivyrskrbonubw.png','NO','2021-07-11 23:47:38','2021-10-26 18:58:03',NULL),(14,'Irberlys ','Mirabal',5,3,'11undefined','irberlys.mirabal@penalty.com.ar','$2b$10$kMaA2G6l30zfzKUP0t7Yh.pe8rKUYSsZ17bRlfWM7GayJzFvyMknu','Empleada','interno','905','01/05/2021','https://res.cloudinary.com/dtabhpdet/image/upload/v1629488947/enn47sodl0x3n63ee7ez.png','NO','2021-07-11 23:49:05','2021-10-26 18:56:49',NULL),(15,'Federico','Enrique Nachmann',4,2,'11undefined','federico.nachmann@penalty.com.ar','$2b$10$zDcWHc5d7x1pwv.iwenQhuIUaMX4W401cGFvowkzS7deRKCASgGdO','Empleado','interno','0000','02/03/2020','https://res.cloudinary.com/dtabhpdet/image/upload/v1629489010/s3nshrji7eccoliezkwy.png','NO','2021-07-11 23:50:07','2021-10-20 18:54:06',NULL),(16,'Martina ','Fragine',2,1,'11undefined','martina.fragine@penalty.com.ar','$2b$10$kKcUVdt6AHL.FNdpoXiZru0u2nZ3MzBiGoH2tc6aiKiHpWdI.yRWa','Empleada','interno','0000','17/09/2012','https://res.cloudinary.com/dtabhpdet/image/upload/v1629721894/luedyfsc3qlf3gh6tcw6.png','NO','2021-07-11 23:51:39','2021-08-27 17:59:26',NULL),(17,'Belen ','Gangitano',3,2,'11undefined','belen.gangitano@penalty.com.ar','$2b$10$IVuFL9nhp3vx5HLg8IQQcugld8wFsyR4rDKSDZVbabcspeBrK4GHm','Empleada','interno','005','05/03/2018','https://res.cloudinary.com/dtabhpdet/image/upload/v1629721927/d4rwhgmjt3cltytuqaya.png','NO','2021-07-12 00:53:16','2021-10-26 18:02:35',NULL),(18,'Jesus','Paredes',3,2,'11undefined','jesus.paredes@penalty.com.ar','$2b$10$RyjLXYUtHfC5pp23.fq.ueEzmjLo/6xTiYq8hxUrm1KKKe1kUxe8m','Empleado','interno','005','01/02/2021','https://res.cloudinary.com/dtabhpdet/image/upload/v1629724138/t4ukbfovqz8zmfuaxmvy.png','NO','2021-07-12 00:54:28','2021-09-27 17:37:52',NULL),(19,'Guillermo ','Muradian',3,2,'11undefined','guillermo.muradian@penalty.com.ar','$2b$10$v/yVZqzCCv/FjjszkutrUeOW67bL5WHMcj2TPk66cvicCvXg/2Lki','Empleado','interno','054','01/08/1998','https://res.cloudinary.com/dtabhpdet/image/upload/v1628801219/rdf52nupvvfewp6fwapt.jpg','NO','2021-07-12 00:56:27','2021-10-13 15:02:03',NULL),(20,'Alejandro ','Perez ',3,2,'11undefined','alejandro.perez@penalty.com.ar','$2b$10$YRSRkr7Vai5/bbjTlt.p7uAdeQSMvxdYrH1ESS0.WbatMKXn3N46W','Empleado','interno','074','14/02/2011','https://res.cloudinary.com/dtabhpdet/image/upload/v1629724191/hnu9hmblgan2gbwr7hra.png','NO','2021-07-12 00:57:28','2021-10-12 13:52:58',NULL),(21,'Diego','Salini',3,2,'11undefined','diego.salini@penalty.com.ar','$2b$10$Bzz7tLFRheUOO9JhCt8oRuJosuN95Cd6Xwdc2.dcI.3ML1n/d5/wm','Empleado','interno','076','16/11/2010','https://res.cloudinary.com/dtabhpdet/image/upload/v1629721740/gtb50zvzuctaet36ct4a.png','NO','2021-07-12 00:58:37','2021-10-01 14:13:35',NULL),(22,'Santiago','Bossio',3,2,'11undefined','santiago.bossio@penalty.com.ar','$2b$10$inaDNFSJPp7RrUVtU09GvehlCRN.AewUtg8iMiU5rgotWR/26qN.a','Empleado','interno','080','03/08/2015','https://res.cloudinary.com/dtabhpdet/image/upload/v1629489050/grpq4y8gf10a7ofjibhk.png','NO','2021-07-12 00:59:25','2021-10-19 17:10:06',NULL),(23,'Gonzalo ','Moyano',3,2,'11undefined','gonzalo.moyano@penalty.com.ar','$2b$10$OWWJwX3MSwSm.Pq4A4ck5Oo.cTVBoWvCNcICWtLCt6ih62gbdxyQi','Empleado','interno','081','23/09/2019','https://res.cloudinary.com/dtabhpdet/image/upload/v1629724237/a0i0sjxa0hkadccm2mgi.png','NO','2021-07-12 01:00:21','2021-08-31 22:45:35',NULL),(24,'Natalia','Ocampo',5,3,'1199999999','natalia.ocampo@penalty.com.ar','$2b$10$obYhfLyyWaCyRYTzweHE4.R6vlC6ZRCbtRMS9Bv7xSRTAocnnpsc.','Empleada','interno','906','01/12/2005','https://res.cloudinary.com/dtabhpdet/image/upload/v1631132209/xzxophzvgfkomagl25zn.jpg','NO','2021-07-16 17:36:36','2021-10-26 17:43:02',NULL),(26,'usuario4220','4220',3,2,'1111111111','4220@penalty.com.ar','$2b$10$I25nfnkbXvSZj9dlIzU0DugZXW6Iycn/f5vIZEKv3SsxPlWY9vOIG','Empleado','interno','074','24/09/2021',NULL,'NO','2021-09-24 15:04:57','2021-10-25 17:46:59',NULL),(27,'user907','907',5,3,'111111111','907@penalty.com.ar','$2b$10$80H0sUzpM2fNlCu37cQGo.HGaRCtpEBnPq1mly..FUE.Egeho7OwK','Empleado','interno','907','24/09/2021',NULL,'NO','2021-09-24 15:06:02','2021-10-25 17:46:59',NULL),(28,'user905','905',5,3,'1111112222','905@penalty.com.ar','$2b$10$Q4OWtHQlT.EwPpwf.UlJQevZ3f2tQvmCqWR7K27ka2MDwMZOfCF7S','Empleado','interno','905','01/10/2021',NULL,NULL,'2021-10-21 17:13:30','2021-10-21 17:13:30',NULL),(29,'user906','906',5,3,'1111111111','906@penalty.com.ar','$2b$10$askWzUPtBPdYkhr25xjoKew/I64kqjHco4HbXXZhBsZYqoBbxTKpe','Empleado','interno','906','20/10/2021',NULL,NULL,'2021-10-21 17:20:01','2021-10-21 17:20:01',NULL),(30,'gerente902','902',5,3,'1111112222','902@penalty.comar','$2b$10$W7/M1AhJkeuQ069tRhjzaecgy/D0j7pO5JodH3w.IOy/oUX33IozO','Gerente','interno','899','18/10/2021',NULL,NULL,'2021-10-21 17:23:17','2021-10-21 17:23:17',NULL),(31,'gerente901','901',1,1,'1111114444','901@penalty.com.ar','$2b$10$l3SeIvofqSaVkU1fhXJYSeQMgU0UFviTu6jNkr7sjkvGWChvu/wBu','Gerente','interno','901','07/10/2021',NULL,NULL,'2021-10-21 17:26:26','2021-10-21 17:26:26',NULL);
/*!40000 ALTER TABLE `usuarios` ENABLE KEYS */;
UNLOCK TABLES;

--
-- Table structure for table `vacaciones`
--

DROP TABLE IF EXISTS `vacaciones`;
/*!40101 SET @saved_cs_client     = @@character_set_client */;
/*!40101 SET character_set_client = utf8 */;
CREATE TABLE `vacaciones` (
  `id` int(11) NOT NULL AUTO_INCREMENT,
  `periodo` int(11) DEFAULT NULL,
  `fechaSolicitud` varchar(45) DEFAULT NULL,
  `fechaDesde` varchar(45) DEFAULT NULL,
  `fechaHasta` varchar(45) DEFAULT NULL,
  `obs` varchar(45) DEFAULT NULL,
  `diasFaltantes` varchar(45) DEFAULT NULL,
  `usuarioId` int(11) DEFAULT NULL,
  `estado` varchar(10) DEFAULT NULL,
  `estadoFinal` varchar(10) DEFAULT NULL,
  `notificacion` varchar(10) DEFAULT NULL,
  `createdAt` datetime DEFAULT NULL,
  `updatedAt` datetime DEFAULT NULL,
  `deletedAt` datetime DEFAULT NULL,
  `vacacionesId` varchar(45) DEFAULT NULL,
  `respMensaje` varchar(45) DEFAULT NULL,
  `f` varchar(45) DEFAULT NULL,
  `fd` varchar(45) DEFAULT NULL,
  PRIMARY KEY (`id`),
  KEY `usuarioId_idx` (`usuarioId`),
  CONSTRAINT `usuaId` FOREIGN KEY (`usuarioId`) REFERENCES `usuarios` (`id`) ON DELETE NO ACTION ON UPDATE NO ACTION
) ENGINE=InnoDB AUTO_INCREMENT=21 DEFAULT CHARSET=utf8mb4;
/*!40101 SET character_set_client = @saved_cs_client */;

--
-- Dumping data for table `vacaciones`
--

LOCK TABLES `vacaciones` WRITE;
/*!40000 ALTER TABLE `vacaciones` DISABLE KEYS */;
INSERT INTO `vacaciones` VALUES (17,2020,'24/8/2021','30/08/2021','13/09/2021','Necesito vacaciones','0',17,'aprobado','aprobado','inactiva','2021-08-24 17:50:58','2021-08-27 13:17:13',NULL,NULL,'','24/8/2021 14:50:58','27/8/2021 10:17:14'),(18,2020,'27/8/2021','13/09/2021','20/09/2021','','14',16,'aprobado','aprobado','inactiva','2021-08-27 14:54:55','2021-08-30 17:20:07',NULL,NULL,'','27/8/2021 11:54:55','30/8/2021 14:20:07'),(19,2021,'18/10/2021','13/12/2021','20/12/2021','','7',17,'aprobado','pendiente',NULL,'2021-10-18 12:54:16','2021-10-25 20:01:33',NULL,NULL,'',NULL,NULL),(20,2020,'19/10/2021','18/12/2021','01/01/2022','cris , solicito si es posible tomarme los día','7',22,'aprobado','aprobado',NULL,'2021-10-19 17:05:56','2021-10-20 14:44:40',NULL,NULL,'',NULL,NULL);
/*!40000 ALTER TABLE `vacaciones` ENABLE KEYS */;
UNLOCK TABLES;

--
-- Dumping events for database 'intranetpenalty'
--

--
-- Dumping routines for database 'intranetpenalty'
--
/*!40103 SET TIME_ZONE=@OLD_TIME_ZONE */;

/*!40101 SET SQL_MODE=@OLD_SQL_MODE */;
/*!40014 SET FOREIGN_KEY_CHECKS=@OLD_FOREIGN_KEY_CHECKS */;
/*!40014 SET UNIQUE_CHECKS=@OLD_UNIQUE_CHECKS */;
/*!40101 SET CHARACTER_SET_CLIENT=@OLD_CHARACTER_SET_CLIENT */;
/*!40101 SET CHARACTER_SET_RESULTS=@OLD_CHARACTER_SET_RESULTS */;
/*!40101 SET COLLATION_CONNECTION=@OLD_COLLATION_CONNECTION */;
/*!40111 SET SQL_NOTES=@OLD_SQL_NOTES */;

-- Dump completed on 2021-10-26 16:06:11
